"고유번호","환승시작역","환승시작 코드","환승시작 호선","하차 열차 방면","하차위치(호차)","하차위치(문)","환승종료역","환승종료역 코드","환승종료 호선","환승 열차 방면","환승 승차위치(호차)","환승 승차위치(문)","소요시간"
1,서울역,"0150","1",시청 방면,"1","1",서울역,"4201",공항철도,공덕 방면,"3","2","10:00"
2,서울역,"0150","1",남영 방면,"1","2",서울역,"0426","4",숙대입구 방면,"3","3","03:34"
3,서울역,"0150","1",남영 방면,"10","4",서울역,"4201",공항철도,공덕 방면,"3","2","10:00"
4,서울역,"0150","1",시청 방면,"10","4",서울역,"0426","4",회현 방면,"3","3","03:34"
5,서울역,"0150","1",시청 방면,"10","4",서울역,"0426","4",숙대입구 방면,"3","3","03:34"
6,서울역,"0150","1",남영 방면,"1","2",서울역,"0426","4",회현 방면,"3","3","03:34"
7,시청,"0151","1",서울역 방면,"1","1",시청,"0201","2",충정로 방면,"1","1","03:32"
8,시청,"0151","1",서울역 방면,"1","1",시청,"0201","2",을지로입구 방면,"1","1","03:32"
9,시청,"0151","1",종각 방면,"10","4",시청,"0201","2",을지로입구 방면,"1","1","03:32"
10,시청,"0151","1",종각 방면,"10","4",시청,"0201","2",충정로 방면,"1","1","03:32"
11,종로3가,"0153","1",종로5가 방면,"6","1",종로3가,"0319","3",을지로3가 방면,"10","4","02:41"
12,종로3가,"0153","1",종각 방면,"5","4",종로3가,"0319","3",안국 방면,"10","4","02:41"
13,종로3가,"0153","1",종각 방면,"7","3",종로3가,"2535","5",광화문 방면,"1","1","05:26"
14,종로3가,"0153","1",종로5가 방면,"6","1",종로3가,"0319","3",안국 방면,"10","4","02:41"
15,종로3가,"0153","1",종각 방면,"5","4",종로3가,"0319","3",을지로3가 방면,"10","4","02:41"
16,종로3가,"0153","1",종로5가 방면,"6","1",종로3가,"2535","5",광화문 방면,"1","1","05:26"
17,종로3가,"0153","1",종각 방면,"7","3",종로3가,"2535","5",을지로4가 방면,"1","1","05:26"
18,종로3가,"0153","1",종로5가 방면,"6","1",종로3가,"2535","5",을지로4가 방면,"1","1","05:26"
19,동대문,"0155","1",종로5가 방면,"1","4",동대문,"0421","4",동대문역사문화공원 방면,"3","3","04:23"
20,동대문,"0155","1",종로5가 방면,"1","4",동대문,"0421","4",혜화 방면,"3","3","04:23"
21,동대문,"0155","1",신설동 방면,"9","3",동대문,"0421","4",혜화 방면,"3","3","04:23"
22,동대문,"0155","1",신설동 방면,"9","3",동대문,"0421","4",동대문역사문화공원 방면,"3","3","04:23"
23,신설동,"0156","1",동묘앞 방면,"2","1",신설동,"4713",우이신설경전철,보문 방면,"2","1","03:07"
24,신설동,"0156","1",제기동 방면,"9","4",신설동,"0246","2",용두 방면,"1","1","03:07"
25,신설동,"0156","1",제기동 방면,"9","4",신설동,"4713",우이신설경전철,보문 방면,"2","1","03:07"
26,신설동,"0156","1",동묘앞 방면,"2","1",신설동,"0246","2",용두 방면,"1","1","03:07"
27,청량리,"0158","1",제기동 방면,"10","4",청량리,"1014",경의선,왕십리 방면,"1","1","03:00"
28,청량리,"0158","1",회기 방면,"1","1",청량리,"1014",경의선,회기 방면,"1","1","03:00"
29,청량리,"0158","1",회기 방면,"1","1",청량리,"1014",경의선,왕십리 방면,"1","1","03:00"
30,청량리,"0158","1",제기동 방면,"10","4",청량리,"1014",경의선,회기 방면,"1","1","03:00"
31,동묘앞,"0159","1",신설동 방면,"9","2",동묘앞,"2637","6",신당 방면,"2","2","03:00"
32,동묘앞,"0159","1",동대문 방면,"7","1",동묘앞,"2637","6",창신 방면,"2","2","03:00"
33,동묘앞,"0159","1",동대문 방면,"7","1",동묘앞,"2637","6",신당 방면,"2","2","03:00"
34,동묘앞,"0159","1",신설동 방면,"9","2",동묘앞,"2637","6",창신 방면,"2","2","03:00"
35,까치산,"0200","2",신정 방면,"1","1",까치산,"2519","5",신정 방면,"1","1","01:37"
36,까치산,"0200","2",화곡 방면,"1","1",까치산,"2519","5",화곡 방면,"1","1","01:37"
37,시청,"0201","2",을지로입구 방면,"10","4",시청,"0151","1",종각 방면,"10","4","03:32"
38,시청,"0201","2",충정로 방면,"1","1",시청,"0151","1",서울역 방면,"10","4","03:32"
39,시청,"0201","2",충정로 방면,"1","1",시청,"0151","1",종각 방면,"10","4","03:32"
40,시청,"0201","2",을지로입구 방면,"10","4",시청,"0151","1",서울역 방면,"10","4","03:32"
41,을지로3가,"0203","2",을지로4가 방면,"1","1",을지로3가,"0320","3",충무로 방면,"4","2","03:40"
42,을지로3가,"0203","2",을지로4가 방면,"1","1",을지로3가,"0320","3",종로3가 방면,"4","2","03:40"
43,을지로3가,"0203","2",을지로입구 방면,"10","4",을지로3가,"0320","3",충무로 방면,"4","2","03:40"
44,을지로3가,"0203","2",을지로입구 방면,"10","4",을지로3가,"0320","3",종로3가 방면,"4","2","03:40"
45,을지로4가,"0204","2",을지로3가 방면,"7","2",을지로4가,"2536","5",종로3가 방면,"2","1","02:59"
46,을지로4가,"0204","2",을지로3가 방면,"7","2",을지로4가,"2536","5",동대문역사문화공원 방면,"2","1","02:59"
47,을지로4가,"0204","2",동대문역사문화공원 방면,"4","3",을지로4가,"2536","5",동대문역사문화공원 방면,"2","1","02:59"
48,을지로4가,"0204","2",동대문역사문화공원 방면,"4","3",을지로4가,"2536","5",종로3가 방면,"2","1","02:59"
49,동대문역사문화공원,"0205","2",신당 방면,"8","1",동대문역사문화공원,"2537","5",을지로4가 방면,"1","1","02:24"
50,동대문역사문화공원,"0205","2",신당 방면,"8","1",동대문역사문화공원,"2537","5",청구 방면,"1","1","02:24"
51,동대문역사문화공원,"0205","2",을지로4가 방면,"2","4",동대문역사문화공원,"0422","4",충무로 방면,"10","4","02:20"
52,동대문역사문화공원,"0205","2",을지로4가 방면,"2","4",동대문역사문화공원,"0422","4",동대문 방면,"10","4","02:20"
53,동대문역사문화공원,"0205","2",을지로4가 방면,"3","4",동대문역사문화공원,"2537","5",청구 방면,"1","1","02:24"
54,동대문역사문화공원,"0205","2",을지로4가 방면,"3","4",동대문역사문화공원,"2537","5",을지로4가 방면,"1","1","02:24"
55,동대문역사문화공원,"0205","2",신당 방면,"9","2",동대문역사문화공원,"0422","4",충무로 방면,"10","4","02:20"
56,동대문역사문화공원,"0205","2",신당 방면,"9","2",동대문역사문화공원,"0422","4",동대문 방면,"10","4","02:20"
57,신당,"0206","2",동대문역사문화공원 방면,"1","1",신당,"2636","6",청구 방면,"8","4","04:01"
58,신당,"0206","2",상왕십리 방면,"10","4",신당,"2636","6",청구 방면,"8","4","04:01"
59,신당,"0206","2",동대문역사문화공원 방면,"1","1",신당,"2636","6",동묘앞 방면,"8","4","04:01"
60,신당,"0206","2",상왕십리 방면,"10","4",신당,"2636","6",동묘앞 방면,"8","4","04:01"
61,왕십리,"0208","2",상왕십리 방면,"8","4",왕십리,"102C",수인분당선,서울숲 방면,"3","4","07:00"
62,왕십리,"0208","2",상왕십리 방면,"5","4",왕십리,"2541","5",마장 방면,"5","2","03:44"
63,왕십리,"0208","2",한양대 방면,"6","1",왕십리,"2541","5",마장 방면,"5","2","03:44"
64,왕십리,"0208","2",상왕십리 방면,"5","4",왕십리,"2541","5",행당 방면,"5","2","03:44"
65,왕십리,"0208","2",한양대 방면,"3","1",왕십리,"102C",수인분당선,서울숲 방면,"3","4","07:00"
66,왕십리,"0208","2",한양대 방면,"6","1",왕십리,"2541","5",행당 방면,"5","2","03:44"
67,왕십리,"0208","2",상왕십리 방면,"3","1",왕십리,"1013",경의선,응봉 방면,"4","2","02:49"
68,왕십리,"0208","2",한양대 방면,"8","4",왕십리,"1013",경의선,청량리 방면,"4","2","02:49"
69,왕십리,"0208","2",한양대 방면,"8","4",왕십리,"1013",경의선,응봉 방면,"4","2","02:49"
70,왕십리,"0208","2",상왕십리 방면,"8","4",왕십리,"1013",경의선,청량리 방면,"4","2","02:49"
71,성수,"0211","2",뚝섬 방면,"3","1",성수,"0211","2",용답 방면,모든 호차,모든 문,"00:38"
72,성수,"0211","2",건대입구 방면,"10","4",성수,"0211","2",용답 방면,모든 호차,모든 문,"00:38"
882,성수,"0211","2",뚝섬 방면,모든 호차,모든 문,성수,"0211","2",뚝섬 방면,"10","4","00:38"
883,성수,"0211","2",건대입구 방면,"4","4",성수,"0211","2",건대입구 방면,"10","4","00:38"
73,건대입구,"0212","2",구의 방면,"3","2",건대입구,"2729","7",자양 방면,"8","4","02:32"
74,건대입구,"0212","2",구의 방면,"3","2",건대입구,"2729","7",어린이대공원 방면,"8","4","02:32"
75,건대입구,"0212","2",성수 방면,"8","3",건대입구,"2729","7",어린이대공원 방면,"8","4","02:32"
76,건대입구,"0212","2",성수 방면,"8","3",건대입구,"2729","7",자양 방면,"8","4","02:32"
77,잠실,"0216","2",잠실나루 방면,"1","1",잠실,"2815","8",석촌 방면,"1","1","02:38"
78,잠실,"0216","2",잠실새내 방면,"10","3",잠실,"2815","8",석촌 방면,"1","1","02:38"
79,잠실,"0216","2",잠실새내 방면,"10","3",잠실,"2815","8",몽촌토성 방면,"1","1","02:38"
80,잠실,"0216","2",잠실나루 방면,"1","1",잠실,"2815","8",몽촌토성 방면,"1","1","02:38"
81,선릉,"0220","2",삼성 방면,"5","2",선릉,"1023",수인분당선,한티 방면,"2","4","05:00"
82,선릉,"0220","2",역삼 방면,"6","3",선릉,"1023",수인분당선,한티 방면,"2","4","05:00"
83,선릉,"0220","2",삼성 방면,"6","3",선릉,"1023",수인분당선,선정릉 방면,"2","4","05:00"
84,선릉,"0220","2",역삼 방면,"5","2",선릉,"1023",수인분당선,선정릉 방면,"2","4","05:00"
85,교대,"0223","2",강남 방면,"10","4",교대,"0330","3",남부터미널 방면,"7","4","02:24"
86,교대,"0223","2",강남 방면,"10","4",교대,"0330","3",고속터미널 방면,"7","4","02:24"
87,교대,"0223","2",서초 방면,"1","2",교대,"0330","3",남부터미널 방면,"7","4","02:24"
88,교대,"0223","2",서초 방면,"1","2",교대,"0330","3",고속터미널 방면,"7","4","02:24"
89,사당,"0226","2",방배 방면,"5","3",사당,"0433","4",남태령 방면,"1","1","02:16"
90,사당,"0226","2",낙성대 방면,"6","1",사당,"0433","4",총신대입구 방면,"1","1","02:16"
91,사당,"0226","2",낙성대 방면,"6","1",사당,"0433","4",남태령 방면,"1","1","02:16"
92,사당,"0226","2",방배 방면,"5","3",사당,"0433","4",총신대입구 방면,"1","1","02:16"
93,신림,"0230","2",봉천 방면,"5","3",신림,"4408",신림선,서원 방면,"1","1","03:00"
94,신림,"0230",신림선,당곡 방면,"3","2",신림,"0230","2",봉천 방면,"5","3","02:24"
95,신림,"0230",신림선,당곡 방면,"3","2",신림,"0230","2",신대방 방면,"5","3","02:24"
96,신림,"0230","2",신대방 방면,"6","2",신림,"4408",신림선,서원 방면,"1","1","03:00"
97,신림,"0230",신림선,서원 방면,"1","1",신림,"0230","2",신대방 방면,"5","3","02:24"
98,신림,"0230",신림선,서원 방면,"1","1",신림,"0230","2",봉천 방면,"5","3","02:24"
99,신림,"0230","2",신대방 방면,"6","2",신림,"4408",신림선,당곡 방면,"1","1","03:00"
100,신림,"0230","2",봉천 방면,"5","3",신림,"4408",신림선,당곡 방면,"1","1","03:00"
101,대림,"0233","2",신도림 방면,"7","4",대림,"2746","7",신풍 방면,"1","1","04:05"
102,대림,"0233","2",구로디지털단지 방면,"4","1",대림,"2746","7",신풍 방면,"1","1","04:05"
103,대림,"0233","2",신도림 방면,"7","4",대림,"2746","7",남구로 방면,"1","1","04:05"
104,대림,"0233","2",구로디지털단지 방면,"4","1",대림,"2746","7",남구로 방면,"1","1","04:05"
105,신도림,"0234","2",문래 방면,"7","3",신도림,"0234","2",도림천 방면,"5","3","02:05"
106,신도림,"0234","2",문래 방면,"4","2",신도림,"1007","1",구로 방면,"5","1","03:08"
107,신도림,"0234","2",대림 방면,"7","3",신도림,"1007","1",구로 방면,"5","1","03:08"
108,신도림,"0234","2",대림 방면,"7","3",신도림,"0234","2",도림천 방면,"5","3","02:05"
109,신도림,"0234","2",대림 방면,"7","3",신도림,"1007","1",영등포 방면,"5","1","03:08"
110,신도림,"0234","2",문래 방면,"4","2",신도림,"1007","1",영등포 방면,"5","1","03:08"
878,신도림,"0234","2",문래 방면,"5","1",신도림,"0234","2",문래 방면,"7","3","02:05"
879,신도림,"0234","2",대림 방면,"5","1",신도림,"0234","2",대림 방면,"7","3","02:05"
880,신도림,"0234","2",구로 방면,"5","3",신도림,"1007","1",구로 방면,"5","1","02:28"
881,신도림,"0234","2",영등포 방면,"5","3",신도림,"1007","1",영등포 방면,"5","1","02:28"
111,영등포구청,"0236","2",문래 방면,"2","3",영등포구청,"2524","5",양평 방면,"2","3","04:19"
112,영등포구청,"0236","2",당산 방면,"7","4",영등포구청,"2524","5",양평 방면,"2","3","04:19"
113,영등포구청,"0236","2",당산 방면,"7","4",영등포구청,"2524","5",영등포시장 방면,"2","3","04:19"
114,영등포구청,"0236","2",문래 방면,"2","3",영등포구청,"2524","5",영등포시장 방면,"2","3","04:19"
115,당산,"0237","2",합정 방면,"8","1",당산,"4113","9",국회의사당 방면,"4","4","10:00"
116,당산,"0237","2",영등포구청 방면,"3","4",당산,"4113","9",국회의사당 방면,"4","4","10:00"
117,당산,"0237","2",영등포구청 방면,"3","4",당산,"4113","9",선유도 방면,"4","4","10:00"
118,당산,"0237","2",합정 방면,"8","1",당산,"4113","9",선유도 방면,"4","4","10:00"
119,합정,"0238","2",당산 방면,"2","2",합정,"2623","6",망원 방면,"6","3","02:41"
120,합정,"0238","2",홍대입구 방면,"9","3",합정,"2623","6",망원 방면,"6","3","02:41"
121,합정,"0238","2",홍대입구 방면,"9","3",합정,"2623","6",상수 방면,"6","3","02:41"
122,합정,"0238","2",당산 방면,"2","2",합정,"2623","6",상수 방면,"6","3","02:41"
123,홍대입구,"0239","2",합정 방면,"8","2",홍대입구,"1264",경의선,서강대 방면,"1","1","10:00"
124,홍대입구,"0239","2",합정 방면,"8","2",홍대입구,"4203",공항철도,공덕 방면,"2","2","10:00"
125,홍대입구,"0239","2",합정 방면,"8","2",홍대입구,"1264",경의선,가좌 방면,"1","1","10:00"
126,홍대입구,"0239","2",신촌 방면,"3","2",홍대입구,"4203",공항철도,디지털미디어시티 방면,"2","2","10:00"
127,홍대입구,"0239","2",신촌 방면,"3","2",홍대입구,"4203",공항철도,공덕 방면,"2","2","10:00"
128,홍대입구,"0239","2",합정 방면,"8","2",홍대입구,"4203",공항철도,디지털미디어시티 방면,"2","2","10:00"
129,홍대입구,"0239","2",신촌 방면,"3","3",홍대입구,"1264",경의선,서강대 방면,"1","1","10:00"
130,홍대입구,"0239","2",신촌 방면,"3","3",홍대입구,"1264",경의선,가좌 방면,"1","1","10:00"
131,충정로,"0243","2",아현 방면,"4","3",충정로,"2532","5",애오개 방면,"3","3","04:41"
132,충정로,"0243","2",시청 방면,"7","2",충정로,"2532","5",서대문 방면,"3","3","04:41"
133,충정로,"0243","2",아현 방면,"4","3",충정로,"2532","5",서대문 방면,"3","3","04:41"
134,충정로,"0243","2",시청 방면,"7","2",충정로,"2532","5",애오개 방면,"3","3","04:41"
135,신설동,"0246","2",동묘앞 방면,"1","1",신설동,"0156","1",동묘앞 방면,"2","1","03:07"
136,신설동,"0246","2",제기동 방면,"1","1",신설동,"0156","1",제기동 방면,"2","1","03:07"
137,신설동,"0246","2",보문 방면,"1","1",신설동,"4713",우이신설경전철,보문 방면,"2","1","03:07"
138,대곡,"0300",경의선,능곡 방면,"4","2",대곡,"1953","3",화정 방면,"7","4","10:00"
139,대곡,"0300",경의선,곡산 방면,"5","3",대곡,"1953","3",백석 방면,"7","4","10:00"
140,대곡,"0300",경의선,능곡 방면,"4","2",대곡,"1953","3",백석 방면,"7","4","10:00"
141,대곡,"0300",경의선,곡산 방면,"5","3",대곡,"1953","3",화정 방면,"7","4","10:00"
142,연신내,"0311","3",구파발 방면,"6","4",연신내,"2615","6",구산 방면,"6","2","04:02"
143,연신내,"0311","3",불광 방면,"6","4",연신내,"2615","6",구산 방면,"6","2","04:02"
144,불광,"0312","3",녹번 방면,"10","4",불광,"2613","6",독바위 방면,"2","3","03:50"
145,불광,"0312","3",연신내 방면,"1","1",불광,"2613","6",독바위 방면,"2","3","03:50"
146,종로3가,"0319","3",안국 방면,"10","4",종로3가,"0153","1",종로5가 방면,"6","1","02:41"
147,종로3가,"0319","3",을지로3가 방면,"9","2",종로3가,"2535","5",광화문 방면,"1","1","02:56"
148,종로3가,"0319","3",안국 방면,"10","4",종로3가,"0153","1",종각 방면,"6","1","02:41"
149,종로3가,"0319","3",안국 방면,"2","3",종로3가,"2535","5",광화문 방면,"1","1","02:56"
150,종로3가,"0319","3",을지로3가 방면,"2","3",종로3가,"0153","1",종로5가 방면,"6","1","02:41"
151,종로3가,"0319","3",을지로3가 방면,"1","1",종로3가,"0153","1",종각 방면,"6","1","02:41"
152,종로3가,"0319","3",을지로3가 방면,"9","2",종로3가,"2535","5",을지로4가 방면,"1","1","02:56"
153,종로3가,"0319","3",안국 방면,"2","3",종로3가,"2535","5",을지로4가 방면,"1","1","02:56"
154,을지로3가,"0320","3",종로3가 방면,"7","1",을지로3가,"0203","2",을지로4가 방면,"1","1","03:40"
155,을지로3가,"0320","3",종로3가 방면,"4","2",을지로3가,"0203","2",을지로입구 방면,"1","1","03:40"
156,을지로3가,"0320","3",충무로 방면,"7","2",을지로3가,"0203","2",을지로입구 방면,"1","1","03:40"
157,을지로3가,"0320","3",충무로 방면,"4","3",을지로3가,"0203","2",을지로4가 방면,"1","1","03:40"
158,충무로,"0321","3",동대입구 방면,"8","4",충무로,"0423","4",명동 방면,"7","1","01:41"
159,충무로,"0321","3",을지로3가 방면,"4","4",충무로,"0423","4",동대문역사문화공원 방면,"7","1","01:41"
160,충무로,"0321","3",동대입구 방면,"8","4",충무로,"0423","4",동대문역사문화공원 방면,"7","1","01:41"
161,충무로,"0321","3",을지로3가 방면,"3","4",충무로,"0423","4",명동 방면,"7","1","01:41"
162,약수,"0323","3",금호 방면,"7","1",약수,"2634","6",버티고개 방면,"1","1","02:41"
163,약수,"0323","3",금호 방면,"7","1",약수,"2634","6",청구 방면,"1","1","02:41"
164,약수,"0323","3",동대입구 방면,"4","3",약수,"2634","6",청구 방면,"1","1","02:41"
165,약수,"0323","3",동대입구 방면,"4","3",약수,"2634","6",버티고개 방면,"1","1","02:41"
166,옥수,"0325","3",압구정 방면,"4","1",옥수,"1011",경의선,응봉 방면,"4","4","03:36"
167,옥수,"0325","3",금호 방면,"1","4",옥수,"1011",경의선,응봉 방면,"4","4","03:36"
168,옥수,"0325","3",압구정 방면,"4","1",옥수,"1011",경의선,한남 방면,"4","4","03:36"
169,옥수,"0325","3",금호 방면,"1","4",옥수,"1011",경의선,한남 방면,"4","4","03:36"
170,고속터미널,"0329","3",잠원 방면,"2","3",고속터미널,"4123","9",신반포 방면,"2","1","10:00"
171,고속터미널,"0329","3",잠원 방면,"7","2",고속터미널,"2736","7",내방 방면,"7","1","04:22"
172,고속터미널,"0329","3",교대 방면,"9","2",고속터미널,"4123","9",신반포 방면,"2","1","10:00"
173,고속터미널,"0329","3",잠원 방면,"7","2",고속터미널,"2736","7",반포 방면,"7","1","04:22"
174,고속터미널,"0329","3",교대 방면,"2","3",고속터미널,"2736","7",반포 방면,"7","1","04:22"
175,고속터미널,"0329","3",교대 방면,"9","2",고속터미널,"4123","9",사평 방면,"2","1","10:00"
176,고속터미널,"0329","3",교대 방면,"2","3",고속터미널,"2736","7",내방 방면,"7","1","04:22"
177,고속터미널,"0329","3",잠원 방면,"2","3",고속터미널,"4123","9",사평 방면,"2","1","10:00"
178,교대,"0330","3",고속터미널 방면,"7","4",교대,"0223","2",강남 방면,"1","2","02:24"
179,교대,"0330","3",남부터미널 방면,"4","2",교대,"0223","2",강남 방면,"1","2","02:24"
180,교대,"0330","3",남부터미널 방면,"8","3",교대,"0223","2",서초 방면,"1","2","02:24"
181,교대,"0330","3",고속터미널 방면,"3","2",교대,"0223","2",서초 방면,"1","2","02:24"
182,양재,"0332","3",남부터미널 방면,"5","3",양재,"4308",신분당선,강남 방면,"6","4","10:00"
183,양재,"0332","3",남부터미널 방면,"5","3",양재,"4308",신분당선,양재시민의숲 방면,"6","4","10:00"
184,양재,"0332","3",매봉 방면,"6","1",양재,"4308",신분당선,강남 방면,"6","4","10:00"
185,양재,"0332","3",매봉 방면,"6","1",양재,"4308",신분당선,양재시민의숲 방면,"6","4","10:00"
186,도곡,"0334","3",매봉 방면,"6","1",도곡,"1025",수인분당선,한티 방면,"5","1","05:00"
187,도곡,"0334","3",대치 방면,"5","4",도곡,"1025",수인분당선,구룡 방면,"5","1","05:00"
188,도곡,"0334","3",매봉 방면,"6","1",도곡,"1025",수인분당선,구룡 방면,"5","1","05:00"
189,도곡,"0334","3",대치 방면,"5","4",도곡,"1025",수인분당선,한티 방면,"5","1","05:00"
190,수서,"0339","3",가락시장 방면,"9","1",수서,"1030",수인분당선,복정 방면,"6","1","01:29"
191,수서,"0339","3",가락시장 방면,"8","4",수서,"1030",수인분당선,대모산입구 방면,"6","1","01:29"
192,수서,"0339","3",일원 방면,"3","1",수서,"1030",수인분당선,대모산입구 방면,"6","1","01:29"
193,수서,"0339","3",일원 방면,"3","1",수서,"1030",수인분당선,복정 방면,"6","1","01:29"
194,가락시장,"0340","3",경찰병원 방면,"2","1",가락시장,"2818","8",송파 방면,"1","1","01:29"
195,가락시장,"0340","3",수서 방면,"10","1",가락시장,"2818","8",송파 방면,"1","1","01:29"
196,가락시장,"0340","3",수서 방면,"10","1",가락시장,"2818","8",문정 방면,"1","1","01:29"
197,가락시장,"0340","3",경찰병원 방면,"2","1",가락시장,"2818","8",문정 방면,"1","1","01:29"
198,오금,"0342","3",개롱 방면,"1","4",오금,"2558","5",개롱 방면,"1","4","01:29"
199,오금,"0342","3",방이 방면,"8","2",오금,"2558","5",방이 방면,"1","4","01:29"
200,노원,"0411","4",창동 방면,"1","1",노원,"2715","7",마들 방면,"8","4","06:33"
201,노원,"0411","4",상계 방면,"10","4",노원,"2715","7",중계 방면,"8","4","06:33"
202,노원,"0411","4",상계 방면,"10","4",노원,"2715","7",마들 방면,"8","4","06:33"
203,노원,"0411","4",창동 방면,"1","1",노원,"2715","7",중계 방면,"8","4","06:33"
204,창동,"0412","4",노원 방면,"7","3",창동,"1022","1",방학 방면,"7","1","02:13"
205,창동,"0412","4",쌍문 방면,"4","2",창동,"1022","1",방학 방면,"7","1","02:13"
206,창동,"0412","4",쌍문 방면,"4","2",창동,"1022","1",녹천 방면,"7","1","02:13"
207,창동,"0412","4",노원 방면,"7","3",창동,"1022","1",녹천 방면,"7","1","02:13"
208,성신여대입구,"0418","4",길음 방면,"5","4",성신여대입구,"4711",우이신설경전철,보문 방면,"2","2","03:07"
209,성신여대입구,"0418","4",한성대입구 방면,"5","2",성신여대입구,"4711",우이신설경전철,정릉 방면,"2","2","03:07"
210,성신여대입구,"0418","4",한성대입구 방면,"5","2",성신여대입구,"4711",우이신설경전철,보문 방면,"2","2","03:07"
211,동대문,"0421","4",혜화 방면,"8","1",동대문,"0155","1",동묘앞 방면,"9","3","04:23"
212,동대문,"0421","4",동대문역사문화공원 방면,"3","3",동대문,"0155","1",종로5가 방면,"9","3","04:23"
213,동대문,"0421","4",혜화 방면,"8","1",동대문,"0155","1",종로5가 방면,"9","3","04:23"
214,동대문,"0421","4",동대문역사문화공원 방면,"3","3",동대문,"0155","1",동묘앞 방면,"9","3","04:23"
215,동대문역사문화공원,"0422","4",동대문 방면,"9","1",동대문역사문화공원,"2537","5",을지로4가 방면,"1","1","02:34"
216,동대문역사문화공원,"0422","4",동대문 방면,"1","2",동대문역사문화공원,"0205","2",신당 방면,"9","2","02:20"
217,동대문역사문화공원,"0422","4",동대문 방면,"1","1",동대문역사문화공원,"0205","2",을지로4가 방면,"9","2","02:20"
218,동대문역사문화공원,"0422","4",충무로 방면,"2","4",동대문역사문화공원,"2537","5",을지로4가 방면,"1","1","02:34"
219,동대문역사문화공원,"0422","4",충무로 방면,"10","2",동대문역사문화공원,"0205","2",신당 방면,"9","2","02:20"
220,동대문역사문화공원,"0422","4",충무로 방면,"2","4",동대문역사문화공원,"2537","5",청구 방면,"1","1","02:34"
221,동대문역사문화공원,"0422","4",동대문 방면,"9","1",동대문역사문화공원,"2537","5",청구 방면,"1","1","02:34"
222,동대문역사문화공원,"0422","4",충무로 방면,"10","4",동대문역사문화공원,"0205","2",을지로4가 방면,"9","2","02:20"
223,충무로,"0423","4",동대문역사문화공원 방면,"5","1",충무로,"0321","3",을지로3가 방면,"8","4","01:41"
224,충무로,"0423","4",동대문역사문화공원 방면,"5","1",충무로,"0321","3",동대입구 방면,"8","4","01:41"
225,충무로,"0423","4",명동 방면,"7","1",충무로,"0321","3",을지로3가 방면,"8","4","01:41"
226,충무로,"0423","4",명동 방면,"7","1",충무로,"0321","3",동대입구 방면,"8","4","01:41"
227,서울역,"0426","4",숙대입구 방면,"10","4",서울역,"0150","1",남영 방면,"10","4","03:34"
228,서울역,"0426","4",숙대입구 방면,"3","3",서울역,"4201",공항철도,공덕 방면,"3","2","10:00"
229,서울역,"0426","4",숙대입구 방면,"10","4",서울역,"0150","1",시청 방면,"10","4","03:34"
230,서울역,"0426","4",회현 방면,"1","1",서울역,"0150","1",시청 방면,"10","4","03:34"
231,서울역,"0426","4",회현 방면,"1","1",서울역,"0150","1",남영 방면,"10","4","03:34"
232,서울역,"0426","4",회현 방면,"8","1",서울역,"4201",공항철도,공덕 방면,"3","2","10:00"
233,삼각지,"0428","4",신용산 방면,"10","3",삼각지,"2629","6",효창공원앞 방면,"6","4","03:54"
234,삼각지,"0428","4",신용산 방면,"10","3",삼각지,"2629","6",녹사평 방면,"6","4","03:54"
235,삼각지,"0428","4",숙대입구 방면,"1","2",삼각지,"2629","6",녹사평 방면,"6","4","03:54"
236,삼각지,"0428","4",숙대입구 방면,"1","2",삼각지,"2629","6",효창공원앞 방면,"6","4","03:54"
237,이촌,"0430","4",신용산 방면,"3","3",이촌,"1008",경의선,용산 방면,"5","3","01:51"
238,이촌,"0430","4",신용산 방면,"3","3",이촌,"1008",경의선,서빙고 방면,"5","3","01:51"
239,이촌,"0430","4",동작 방면,"7","2",이촌,"1008",경의선,서빙고 방면,"5","3","01:51"
240,이촌,"0430","4",동작 방면,"1","1",이촌,"1008",경의선,용산 방면,"5","3","01:51"
241,동작,"0431","4",총신대입구 방면,"5","3",동작,"4120","9",흑석 방면,"4","4","10:00"
242,동작,"0431","4",총신대입구 방면,"5","3",동작,"4120","9",구반포 방면,"4","4","10:00"
243,동작,"0431","4",이촌 방면,"6","3",동작,"4120","9",구반포 방면,"4","4","10:00"
244,동작,"0431","4",이촌 방면,"6","3",동작,"4120","9",흑석 방면,"4","4","10:00"
245,총신대입구,"0432","4",사당 방면,"1","1",이수,"2738","7",내방 방면,"8","4","02:51"
246,총신대입구,"0432","4",사당 방면,"1","1",이수,"2738","7",남성 방면,"8","4","02:51"
247,총신대입구,"0432","4",동작 방면,"10","3",이수,"2738","7",남성 방면,"8","4","02:51"
248,총신대입구,"0432","4",동작 방면,"10","3",이수,"2738","7",내방 방면,"8","4","02:51"
249,사당,"0433","4",남태령 방면,"7","3",사당,"0226","2",낙성대 방면,"6","1","02:16"
250,사당,"0433","4",남태령 방면,"1","1",사당,"0226","2",방배 방면,"6","1","02:16"
251,사당,"0433","4",총신대입구 방면,"10","4",사당,"0226","2",방배 방면,"6","1","02:16"
252,사당,"0433","4",총신대입구 방면,"4","2",사당,"0226","2",낙성대 방면,"6","1","02:16"
253,용산,"1003","1",노량진 방면,"4","4",용산,"100C",경의선,이촌 방면,"4","4","01:08"
254,용산,"1003","1",노량진 방면,"4","4",용산,"100C",경의선,공덕 방면,"4","4","01:08"
255,용산,"1003","1",남영 방면,"6","2",용산,"100C",경의선,공덕 방면,"4","4","01:08"
256,용산,"1003","1",남영 방면,"6","2",용산,"100C",경의선,이촌 방면,"4","4","01:08"
257,노량진,"1004","1",대방 방면,"1","1",노량진,"4117","9",샛강 방면,"4","2","07:00"
258,노량진,"1004","1",용산 방면,"10","4",노량진,"4117","9",노들 방면,"4","2","07:00"
259,노량진,"1004","1",용산 방면,"10","4",노량진,"4117","9",샛강 방면,"4","2","07:00"
260,노량진,"1004","1",대방 방면,"1","1",노량진,"4117","9",노들 방면,"4","2","07:00"
261,대방,"1005","1",노량진 방면,"7","3",대방,"4402",신림선,샛강 방면,"1","2","02:24"
262,대방,"1005",신림선,서울지방병무청 방면,"1","2",대방,"1005","1",신길 방면,"7","3","02:24"
263,대방,"1005",신림선,서울지방병무청 방면,"1","2",대방,"1005","1",노량진 방면,"7","3","02:24"
264,대방,"1005","1",신길 방면,"7","3",대방,"4402",신림선,샛강 방면,"1","2","02:24"
265,대방,"1005","1",노량진 방면,"6","4",대방,"4402",신림선,서울지방병무청 방면,"1","2","02:24"
266,대방,"1005",신림선,샛강 방면,"3","1",대방,"1005","1",노량진 방면,"7","3","02:24"
267,대방,"1005","1",신길 방면,"7","3",대방,"4402",신림선,서울지방병무청 방면,"1","2","02:24"
268,대방,"1005",신림선,샛강 방면,"3","1",대방,"1005","1",신길 방면,"7","3","02:24"
269,신도림,"1007","1",구로 방면,"2","3",신도림,"0234","2",문래 방면,"7","3","03:08"
270,신도림,"1007","1",구로 방면,"2","3",신도림,"0234","2",도림천 방면,"5","3","02:28"
271,신도림,"1007","1",영등포 방면,"5","1",신도림,"0234","2",도림천 방면,"5","3","02:28"
272,신도림,"1007","1",구로 방면,"2","3",신도림,"0234","2",대림 방면,"7","3","03:08"
273,신도림,"1007","1",영등포 방면,"5","1",신도림,"0234","2",대림 방면,"7","3","03:08"
274,신도림,"1007","1",영등포 방면,"5","1",신도림,"0234","2",문래 방면,"7","3","03:08"
275,이촌,"1008",경의선,용산 방면,"5","3",이촌,"0430","4",동작 방면,"3","3","01:51"
276,이촌,"1008",경의선,서빙고 방면,"6","1",이촌,"0430","4",동작 방면,"3","3","01:51"
277,이촌,"1008",경의선,서빙고 방면,"6","1",이촌,"0430","4",신용산 방면,"3","3","01:51"
278,이촌,"1008",경의선,용산 방면,"5","3",이촌,"0430","4",신용산 방면,"3","3","01:51"
279,용산,"100C",경의선,이촌 방면,"4","4",용산,"1003","1",남영 방면,"4","4","01:08"
280,용산,"100C",경의선,공덕 방면,"4","4",용산,"1003","1",노량진 방면,"4","4","01:08"
281,용산,"100C",경의선,이촌 방면,"4","4",용산,"1003","1",노량진 방면,"4","4","01:08"
282,용산,"100C",경의선,공덕 방면,"4","4",용산,"1003","1",남영 방면,"4","4","01:08"
283,옥수,"1011",경의선,응봉 방면,"4","4",옥수,"0325","3",금호 방면,"4","1","03:36"
284,옥수,"1011",경의선,응봉 방면,"4","4",옥수,"0325","3",압구정 방면,"4","1","03:36"
285,옥수,"1011",경의선,한남 방면,"7","1",옥수,"0325","3",압구정 방면,"4","1","03:36"
286,옥수,"1011",경의선,한남 방면,"7","1",옥수,"0325","3",금호 방면,"4","1","03:36"
287,왕십리,"1013",경의선,청량리 방면,"5","4",왕십리,"102C",수인분당선,서울숲 방면,"3","4","07:00"
288,왕십리,"1013",경의선,응봉 방면,"4","1",왕십리,"102C",수인분당선,서울숲 방면,"3","4","07:00"
289,왕십리,"1013",경의선,청량리 방면,"4","2",왕십리,"2541","5",행당 방면,"5","2","06:32"
290,왕십리,"1013",경의선,응봉 방면,"5","1",왕십리,"0208","2",상왕십리 방면,"8","4","02:49"
291,왕십리,"1013",경의선,응봉 방면,"5","1",왕십리,"0208","2",한양대 방면,"8","4","02:49"
292,왕십리,"1013",경의선,응봉 방면,"5","1",왕십리,"2541","5",마장 방면,"5","2","06:32"
293,왕십리,"1013",경의선,청량리 방면,"7","3",왕십리,"0208","2",한양대 방면,"8","4","02:49"
294,왕십리,"1013",경의선,응봉 방면,"5","1",왕십리,"2541","5",행당 방면,"5","2","06:32"
295,왕십리,"1013",경의선,청량리 방면,"4","2",왕십리,"0208","2",상왕십리 방면,"8","4","02:49"
296,왕십리,"1013",경의선,청량리 방면,"4","2",왕십리,"2541","5",마장 방면,"5","2","06:32"
297,청량리,"1014",경의선,회기 방면,"6","4",청량리,"0158","1",회기 방면,"10","4","03:00"
298,청량리,"1014",경의선,왕십리 방면,"1","1",청량리,"0158","1",회기 방면,"10","4","03:00"
299,청량리,"1014",경의선,왕십리 방면,"1","1",청량리,"0158","1",제기동 방면,"10","4","03:00"
300,청량리,"1014",경의선,회기 방면,"6","4",청량리,"0158","1",제기동 방면,"10","4","03:00"
301,석계,"1018","1",신이문 방면,"1","1",석계,"2645","6",태릉입구 방면,"5","2","03:28"
302,석계,"1018","1",광운대 방면,"10","4",석계,"2645","6",태릉입구 방면,"5","2","03:28"
303,석계,"1018","1",광운대 방면,"10","4",석계,"2645","6",돌곶이 방면,"5","2","03:28"
304,석계,"1018","1",신이문 방면,"1","1",석계,"2645","6",돌곶이 방면,"5","2","03:28"
305,창동,"1022","1",녹천 방면,"7","1",창동,"0412","4",노원 방면,"4","2","02:13"
306,창동,"1022","1",방학 방면,"8","3",창동,"0412","4",쌍문 방면,"4","2","02:13"
307,창동,"1022","1",녹천 방면,"7","1",창동,"0412","4",쌍문 방면,"4","2","02:13"
308,창동,"1022","1",방학 방면,"8","3",창동,"0412","4",노원 방면,"4","2","02:13"
309,선릉,"1023",수인분당선,선정릉 방면,"5","1",선릉,"0220","2",역삼 방면,"6","3","05:00"
310,선릉,"1023",수인분당선,한티 방면,"1","2",선릉,"0220","2",삼성 방면,"6","3","05:00"
311,선릉,"1023",수인분당선,한티 방면,"2","4",선릉,"0220","2",역삼 방면,"6","3","05:00"
312,선릉,"1023",수인분당선,선정릉 방면,"6","3",선릉,"0220","2",삼성 방면,"6","3","05:00"
313,도곡,"1025",수인분당선,구룡 방면,"6","4",도곡,"0334","3",대치 방면,"5","4","05:00"
314,도곡,"1025",수인분당선,한티 방면,"4","3",도곡,"0334","3",대치 방면,"5","4","05:00"
315,도곡,"1025",수인분당선,구룡 방면,"5","1",도곡,"0334","3",매봉 방면,"5","4","05:00"
316,도곡,"1025",수인분당선,한티 방면,"6","2",도곡,"0334","3",매봉 방면,"5","4","05:00"
317,왕십리,"102C",수인분당선,행당 방면,"2","4",왕십리,"2541","5",행당 방면,"5","2","08:12"
318,왕십리,"102C",수인분당선,마장 방면,"2","4",왕십리,"2541","5",마장 방면,"5","2","08:12"
319,왕십리,"102C",수인분당선,청량리 방면,"3","4",왕십리,"1013",경의선,청량리 방면,"4","2","21:32"
320,왕십리,"102C",수인분당선,한양대 방면,"2","4",왕십리,"0208","2",한양대 방면,"8","4","08:36"
321,왕십리,"102C",수인분당선,응봉 방면,"3","4",왕십리,"1013",경의선,응봉 방면,"4","2","21:32"
322,왕십리,"102C",수인분당선,상왕십리 방면,"2","4",왕십리,"0208","2",상왕십리 방면,"8","4","08:36"
323,수서,"1030",수인분당선,복정 방면,"1","1",수서,"0339","3",일원 방면,"3","1","01:29"
324,수서,"1030",수인분당선,대모산입구 방면,"6","4",수서,"0339","3",일원 방면,"3","1","01:29"
325,수서,"1030",수인분당선,대모산입구 방면,"6","1",수서,"0339","3",가락시장 방면,"3","1","01:29"
326,수서,"1030",수인분당선,복정 방면,"2","4",수서,"0339","3",가락시장 방면,"3","1","01:29"
327,복정,"1031",수인분당선,가천대 방면,"3","3",복정,"2821","8",산성 방면,"4","1","00:46"
328,복정,"1031",수인분당선,수서 방면,"6","2",복정,"2821","8",장지 방면,"4","1","00:46"
329,복정,"1031",수인분당선,가천대 방면,"3","3",복정,"2821","8",장지 방면,"4","1","00:46"
330,복정,"1031",수인분당선,수서 방면,"6","2",복정,"2821","8",산성 방면,"4","1","00:46"
331,신길,"1032","1",대방 방면,"8","4",신길,"2526","5",여의도 방면,"2","2","06:31"
332,신길,"1032","1",영등포 방면,"2","4",신길,"2526","5",여의도 방면,"2","2","06:31"
333,신길,"1032","1",영등포 방면,"2","4",신길,"2526","5",영등포시장 방면,"2","2","06:31"
334,신길,"1032","1",대방 방면,"8","4",신길,"2526","5",영등포시장 방면,"2","2","06:31"
335,중랑,"1201",경의선,상봉 방면,"5","1",중랑,"1308",경춘선,회기 방면,"5","1",
336,중랑,"1201",경의선,회기 방면,"5","1",중랑,"1308",경춘선,상봉 방면,"5","1",
337,중랑,"1201",경의선,상봉 방면,"4","4",중랑,"1308",경춘선,상봉 방면,"5","1",
338,중랑,"1201",경의선,회기 방면,"4","4",중랑,"1308",경춘선,회기 방면,"5","1",
339,상봉,"1202",경의선,망우 방면,"4","2",상봉,"2722","7",중화 방면,"6","1",
340,상봉,"1202",경의선,중랑 방면,"6","2",상봉,"1309",경춘선,망우 방면,"4","4",
341,상봉,"1202",경의선,중랑 방면,"6","2",상봉,"2722","7",면목 방면,"6","1",
342,상봉,"1202",경의선,중랑 방면,"6","2",상봉,"2722","7",중화 방면,"6","1",
343,상봉,"1202",경의선,망우 방면,"4","2",상봉,"2722","7",면목 방면,"6","1",
344,상봉,"1202",경의선,망우 방면,"6","2",상봉,"1309",경춘선,망우 방면,"4","4",
345,망우,"1203",경의선,상봉 방면,"5","1",망우,"1310",경춘선,갈매 방면,"3","4",
346,망우,"1203",경의선,양원 방면,"4","4",망우,"1310",경춘선,갈매 방면,"3","4",
347,망우,"1203",경의선,상봉 방면,"5","1",망우,"1310",경춘선,상봉 방면,"3","4",
348,망우,"1203",경의선,양원 방면,"4","4",망우,"1310",경춘선,상봉 방면,"3","4",
349,구리,"1205",경의선,도농 방면,"6","1",구리,"2808","8",동구릉 방면,"6","1","00:43"
350,구리,"1205",경의선,도농 방면,"6","1",구리,"2808","8",장자호수공원 방면,"6","1","00:43"
351,구리,"1205",경의선,양원 방면,"1","1",구리,"2808","8",동구릉 방면,"6","1","00:43"
352,구리,"1205",경의선,양원 방면,"6","1",구리,"2808","8",장자호수공원 방면,"6","1","00:43"
353,공덕,"1262",경의선,서강대 방면,모든 호차,모든 문,공덕,"4202",공항철도,서울역 방면,"1","4","10:00"
354,공덕,"1262",경의선,효창공원앞 방면,"8","4",공덕,"2627","6",효창공원앞 방면,"8","4","02:54"
355,공덕,"1262",경의선,서강대 방면,모든 호차,모든 문,공덕,"2627","6",효창공원앞 방면,"8","4","02:54"
356,공덕,"1262",경의선,서강대 방면,모든 호차,모든 문,공덕,"2530","5",애오개 방면,"1","1","02:54"
357,공덕,"1262",경의선,서강대 방면,모든 호차,모든 문,공덕,"2530","5",마포 방면,"1","1","02:54"
358,공덕,"1262",경의선,효창공원앞 방면,"8","4",공덕,"4202",공항철도,홍대입구 방면,"1","4","10:00"
359,공덕,"1262",경의선,효창공원앞 방면,"8","4",공덕,"4202",공항철도,서울역 방면,"1","4","10:00"
360,공덕,"1262",경의선,서강대 방면,모든 호차,모든 문,공덕,"2627","6",대흥 방면,"8","4","02:54"
361,공덕,"1262",경의선,효창공원앞 방면,"8","4",공덕,"2627","6",대흥 방면,"8","4","02:54"
362,공덕,"1262",경의선,효창공원앞 방면,"8","4",공덕,"2530","5",마포 방면,"1","1","02:54"
363,공덕,"1262",경의선,서강대 방면,모든 호차,모든 문,공덕,"4202",공항철도,홍대입구 방면,"1","4","10:00"
364,공덕,"1262",경의선,효창공원앞 방면,"8","4",공덕,"2530","5",애오개 방면,"1","1","02:54"
365,홍대입구,"1264",경의선,서강대 방면,"8","4",홍대입구,"0239","2",양천구청 방면,"8","2","10:00"
366,홍대입구,"1264",경의선,서강대 방면,"8","4",홍대입구,"0239","2",합정 방면,"8","2","10:00"
367,홍대입구,"1264",경의선,가좌 방면,"1","1",홍대입구,"0239","2",양천구청 방면,"8","2","10:00"
368,홍대입구,"1264",경의선,가좌 방면,"1","1",홍대입구,"4203",공항철도,공덕 방면,"2","2","10:00"
369,홍대입구,"1264",경의선,가좌 방면,"1","1",홍대입구,"4203",공항철도,디지털미디어시티 방면,"2","2","10:00"
370,홍대입구,"1264",경의선,서강대 방면,"8","4",홍대입구,"4203",공항철도,공덕 방면,"2","2","10:00"
371,홍대입구,"1264",경의선,서강대 방면,"8","4",홍대입구,"4203",공항철도,디지털미디어시티 방면,"2","2","10:00"
372,홍대입구,"1264",경의선,가좌 방면,"1","1",홍대입구,"0239","2",합정 방면,"8","2","10:00"
891,가좌,"1265",경의선,가좌 방면,"1","1",가좌,"1265",경의선,신촌 방면,"1","1","10:00"
890,가좌,"1265",경의선,가좌 방면,"1","1",가좌,"1265",경의선,홍대입구 방면,"1","1","10:00"
373,디지털미디어시티,"1266",경의선,가좌 방면,"1","1",디지털미디어시티,"4204",공항철도,홍대입구 방면,"6","4","10:00"
374,디지털미디어시티,"1266",경의선,가좌 방면,"1","1",디지털미디어시티,"4204",공항철도,마곡나루 방면,"6","4","10:00"
375,디지털미디어시티,"1266",경의선,수색 방면,"8","4",디지털미디어시티,"4204",공항철도,홍대입구 방면,"6","4","10:00"
376,디지털미디어시티,"1266",경의선,가좌 방면,"1","1",디지털미디어시티,"2619","6",월드컵경기장 방면,"8","4","10:00"
377,디지털미디어시티,"1266",경의선,가좌 방면,"1","1",디지털미디어시티,"2619","6",증산 방면,"8","4","10:00"
378,디지털미디어시티,"1266",경의선,수색 방면,"8","4",디지털미디어시티,"2619","6",월드컵경기장 방면,"8","4","10:00"
379,디지털미디어시티,"1266",경의선,수색 방면,"8","4",디지털미디어시티,"2619","6",증산 방면,"8","4","10:00"
380,디지털미디어시티,"1266",경의선,수색 방면,"8","4",디지털미디어시티,"4204",공항철도,마곡나루 방면,"6","4","10:00"
381,문산,"1284",경의선,임진강 방면,"3","1",문산,"1284",경의선,임진강 방면,"3","1","00:30"
892,문산,"1284",경의선,파주 방면,"3","1",문산,"1284",경의선,파주 방면,"3","1","00:30"
382,중랑,"1308",경춘선,회기 방면,"4","4",중랑,"1201",경의선,회기 방면,"4","4",
383,중랑,"1308",경춘선,상봉 방면,"5","1",중랑,"1201",경의선,상봉 방면,"4","4",
384,중랑,"1308",경춘선,회기 방면,"5","1",중랑,"1201",경의선,상봉 방면,"4","4",
385,중랑,"1308",경춘선,상봉 방면,"4","4",중랑,"1201",경의선,회기 방면,"4","4",
386,상봉,"1309",경춘선,면목 방면,"7","4",상봉,"2722","7",면목 방면,"6","1",
387,상봉,"1309",경춘선,중화 방면,"7","4",상봉,"2722","7",중화 방면,"6","1",
388,상봉,"1309",경춘선,망우 방면,"4","4",상봉,"1202",경의선,망우 방면,"6","2",
389,상봉,"1309",경춘선,중랑 방면,"4","4",상봉,"1202",경의선,중랑 방면,"6","2",
390,망우,"1310",경춘선,상봉 방면,"3","4",망우,"1203",경의선,상봉 방면,"4","4",
391,망우,"1310",경춘선,상봉 방면,"3","4",망우,"1203",경의선,양원 방면,"4","4",
392,망우,"1310",경춘선,갈매 방면,"6","1",망우,"1203",경의선,상봉 방면,"4","4",
393,망우,"1310",경춘선,갈매 방면,"6","1",망우,"1203",경의선,양원 방면,"4","4",
394,별내,"1313",경춘선,퇴계원 방면,"6","1",별내,"2805","8",다산 방면,"6","1","00:43"
395,별내,"1313",경춘선,갈매 방면,"6","1",별내,"2805","8",다산 방면,"6","1","00:43"
396,금정,"1458","4",범계 방면,"4","3",금정,"1708","1",명학 방면,모든 호차,모든 문,"01:04"
397,금정,"1458","4",범계 방면,"4","3",금정,"1708","1",군포 방면,모든 호차,모든 문,"01:04"
398,금정,"1458","4",산본 방면,"7","1",금정,"1708","1",명학 방면,모든 호차,모든 문,"01:04"
399,금정,"1458","4",산본 방면,"9","4",금정,"1708","1",군포 방면,모든 호차,모든 문,"01:04"
886,구로,"1701","1",구로 방면,"10","4",구로,"1701","1",가산디지털단지 방면,"10","4","00:58"
887,구로,"1701","1",구로 방면,"10","4",구로,"1701","1",구일 방면,"10","4","00:58"
400,가산디지털단지,"1702","1",독산 방면,"1","2",가산디지털단지,"2748","7",철산 방면,"5","1","03:16"
401,가산디지털단지,"1702","1",독산 방면,"1","2",가산디지털단지,"2748","7",남구로 방면,"5","1","03:16"
402,가산디지털단지,"1702","1",구로 방면,"10","3",가산디지털단지,"2748","7",남구로 방면,"5","1","03:16"
403,가산디지털단지,"1702","1",구로 방면,"10","3",가산디지털단지,"2748","7",철산 방면,"5","1","03:16"
404,금천구청,"1703","1",석수 방면,"1","1",금천구청,"1703","1",광명 방면,"1","1","05:00"
888,금천구청,"1703","1",금천구청 방면,"1","1",금천구청,"1703","1",석수 방면,"5","1","05:00"
889,금천구청,"1703","1",금천구청 방면,"5","1",금천구청,"1703","1",광명 방면,"1","1","05:00"
405,금정,"1708","1",군포 방면,"4","3",금정,"1458","4",범계 방면,"4","3","01:04"
406,금정,"1708","1",군포 방면,모든 호차,모든 문,금정,"1458","4",산본 방면,"4","3","01:04"
407,금정,"1708","1",명학 방면,"9","4",금정,"1458","4",산본 방면,"4","3","01:04"
408,금정,"1708","1",명학 방면,"5","1",금정,"1458","4",범계 방면,"4","3","01:04"
409,수원,"1713","1",화서 방면,"8","2",수원,"1846",수인분당선,매교 방면,"5","2","07:00"
410,수원,"1713","1",세류 방면,"1","3",수원,"1846",수인분당선,매교 방면,"5","2","07:00"
411,한대앞,"1755","4",상록수 방면,"5","2",한대앞,"1830",수인분당선,중앙 방면,"5","2","07:00"
412,한대앞,"1755","4",상록수 방면,"5","2",한대앞,"1830",수인분당선,사리 방면,"5","2","07:00"
413,한대앞,"1755","4",중앙 방면,"5","2",한대앞,"1830",수인분당선,사리 방면,"5","2","07:00"
414,한대앞,"1755","4",중앙 방면,"5","2",한대앞,"1830",수인분당선,중앙 방면,"5","2","07:00"
415,중앙,"1756","4",고잔 방면,"5","2",중앙,"1831",수인분당선,한대앞 방면,"5","2","07:00"
416,중앙,"1756","4",한대앞 방면,"5","2",중앙,"1831",수인분당선,고잔 방면,"5","2","07:00"
417,중앙,"1756","4",한대앞 방면,"5","2",중앙,"1831",수인분당선,한대앞 방면,"5","2","07:00"
418,중앙,"1756","4",고잔 방면,"5","2",중앙,"1831",수인분당선,고잔 방면,"5","2","07:00"
419,고잔,"1757","4",초지 방면,"5","2",고잔,"1832",수인분당선,중앙 방면,"5","2","07:00"
420,고잔,"1757","4",중앙 방면,"5","2",고잔,"1832",수인분당선,초지 방면,"5","2","07:00"
421,고잔,"1757","4",초지 방면,"5","2",고잔,"1832",수인분당선,초지 방면,"5","2","07:00"
422,고잔,"1757","4",중앙 방면,"5","2",고잔,"1832",수인분당선,중앙 방면,"5","2","07:00"
423,초지,"1758","4",고잔 방면,"5","2",초지,"1833",수인분당선,안산 방면,"5","2","07:00"
424,초지,"1758","4",안산 방면,"5","2",초지,"1833",수인분당선,고잔 방면,"5","2","07:00"
425,초지,"1758","4",고잔 방면,"5","2",초지,"1833",수인분당선,고잔 방면,"5","2","07:00"
426,초지,"1758","4",안산 방면,"5","2",초지,"1833",수인분당선,안산 방면,"5","2","07:00"
427,초지,"1758",서해선,선부 방면,"5","2",초지,"1833",수인분당선,고잔 방면,"5","2","07:00"
428,초지,"1758",서해선,선부 방면,"5","2",초지,"1833",수인분당선,안산 방면,"5","2","07:00"
429,초지,"1758",서해선,시우 방면,"5","2",초지,"1833",수인분당선,고잔 방면,"5","2","07:00"
430,초지,"1758",서해선,시우 방면,"5","2",초지,"1833",수인분당선,안산 방면,"5","2","07:00"
431,안산,"1759","4",초지 방면,"5","2",안산,"1834",수인분당선,초지 방면,"5","2","07:00"
432,안산,"1759","4",초지 방면,"5","2",안산,"1834",수인분당선,신길온천 방면,"5","2","07:00"
433,안산,"1759","4",신길온천 방면,"5","2",안산,"1834",수인분당선,초지 방면,"5","2","07:00"
434,안산,"1759","4",신길온천 방면,"5","2",안산,"1834",수인분당선,신길온천 방면,"5","2","07:00"
435,신길온천,"1760","4",정왕 방면,"5","2",신길온천,"1835",수인분당선,정왕 방면,"5","2","07:00"
436,신길온천,"1760","4",안산 방면,"5","2",신길온천,"1835",수인분당선,정왕 방면,"5","2","07:00"
437,신길온천,"1760","4",안산 방면,"5","2",신길온천,"1835",수인분당선,안산 방면,"5","2","07:00"
438,신길온천,"1760","4",정왕 방면,"5","2",신길온천,"1835",수인분당선,안산 방면,"5","2","07:00"
439,정왕,"1761","4",오이도 방면,"5","2",정왕,"1836",수인분당선,오이도 방면,"5","2","07:00"
440,정왕,"1761","4",신길온천 방면,"5","2",정왕,"1836",수인분당선,오이도 방면,"5","2","07:00"
441,정왕,"1761","4",신길온천 방면,"5","2",정왕,"1836",수인분당선,신길온천 방면,"5","2","07:00"
442,정왕,"1761","4",오이도 방면,"5","2",정왕,"1836",수인분당선,신길온천 방면,"5","2","07:00"
443,오이도,"1762","4",달월 방면,모든 호차,모든 문,오이도,"1800",수인분당선,달월 방면,모든 호차,모든 문,"10:00"
444,오이도,"1762","4",정왕 방면,모든 호차,모든 문,오이도,"1800",수인분당선,정왕 방면,모든 호차,모든 문,"10:00"
445,오이도,"1800",수인분당선,정왕 방면,모든 호차,모든 문,오이도,"1762","4",정왕 방면,모든 호차,모든 문,"10:00"
446,오이도,"1800",수인분당선,달월 방면,모든 호차,모든 문,오이도,"1762","4",정왕 방면,모든 호차,모든 문,"10:00"
447,부평,"1806","1",백운 방면,"6","1",부평,"3120",인천1,부평시장 방면,"3","3","05:00"
448,부평,"1806","1",부개 방면,"9","2",부평,"3120",인천1,동수 방면,"3","3","05:00"
449,부평,"1806","1",부개 방면,"9","2",부평,"3120",인천1,부평시장 방면,"3","3","05:00"
450,부평,"1806","1",백운 방면,"6","1",부평,"3120",인천1,동수 방면,"3","3","05:00"
451,온수,"1821","1",오류동 방면,"10","4",온수,"2752","7",천왕 방면,"1","1","04:14"
452,온수,"1821","1",오류동 방면,"10","4",온수,"2752","7", 방면,"1","1","04:14"
453,온수,"1821","1",역곡 방면,"1","1",온수,"2752","7",천왕 방면,"1","1","04:14"
454,온수,"1821","1",역곡 방면,"1","1",온수,"2752","7", 방면,"1","1","04:14"
455,한대앞,"1830",수인분당선,중앙 방면,"5","2",한대앞,"1755","4",상록수 방면,"5","2","07:00"
456,한대앞,"1830",수인분당선,사리 방면,"5","2",한대앞,"1755","4",상록수 방면,"5","2","07:00"
457,한대앞,"1830",수인분당선,사리 방면,"5","2",한대앞,"1755","4",중앙 방면,"5","2","07:00"
458,한대앞,"1830",수인분당선,중앙 방면,"5","2",한대앞,"1755","4",중앙 방면,"5","2","07:00"
459,중앙,"1831",수인분당선,한대앞 방면,"5","2",중앙,"1756","4",한대앞 방면,"5","2","07:00"
460,중앙,"1831",수인분당선,한대앞 방면,"5","2",중앙,"1756","4",고잔 방면,"5","2","07:00"
461,중앙,"1831",수인분당선,고잔 방면,"5","2",중앙,"1756","4",한대앞 방면,"5","2","07:00"
462,중앙,"1831",수인분당선,고잔 방면,"5","2",중앙,"1756","4",고잔 방면,"5","2","07:00"
463,고잔,"1832",수인분당선,중앙 방면,"5","2",고잔,"1757","4",초지 방면,"5","2","07:00"
464,고잔,"1832",수인분당선,초지 방면,"5","2",고잔,"1757","4",중앙 방면,"5","2","07:00"
465,고잔,"1832",수인분당선,초지 방면,"5","2",고잔,"1757","4",초지 방면,"5","2","07:00"
466,고잔,"1832",수인분당선,중앙 방면,"5","2",고잔,"1757","4",중앙 방면,"5","2","07:00"
467,안산,"1834",수인분당선,신길온천 방면,"5","2",안산,"1759","4",초지 방면,"5","2","07:00"
468,안산,"1834",수인분당선,초지 방면,"5","2",안산,"1759","4",신길온천 방면,"5","2","07:00"
469,안산,"1834",수인분당선,신길온천 방면,"5","2",안산,"1759","4",신길온천 방면,"5","2","07:00"
470,안산,"1834",수인분당선,초지 방면,"5","2",안산,"1759","4",초지 방면,"5","2","07:00"
471,신길온천,"1835",수인분당선,정왕 방면,"5","2",신길온천,"1760","4",안산 방면,"5","2","07:00"
472,신길온천,"1835",수인분당선,안산 방면,"5","2",신길온천,"1760","4",정왕 방면,"5","2","07:00"
473,신길온천,"1835",수인분당선,정왕 방면,"5","2",신길온천,"1760","4",정왕 방면,"5","2","07:00"
474,신길온천,"1835",수인분당선,안산 방면,"5","2",신길온천,"1760","4",안산 방면,"5","2","07:00"
475,정왕,"1836",수인분당선,신길온천 방면,"5","2",정왕,"1761","4",신길온천 방면,"5","2","07:00"
476,정왕,"1836",수인분당선,오이도 방면,"5","2",정왕,"1761","4",오이도 방면,"5","2","07:00"
477,정왕,"1836",수인분당선,오이도 방면,"5","2",정왕,"1761","4",신길온천 방면,"5","2","07:00"
478,정왕,"1836",수인분당선,신길온천 방면,"5","2",정왕,"1761","4",오이도 방면,"5","2","07:00"
479,청량리,"1845",수인분당선,제기동 방면,"6","4",청량리,"0158","1",제기동 방면,"10","4","03:00"
480,청량리,"1845",수인분당선,회기 방면,"6","4",청량리,"0158","1",회기 방면,"10","4","03:00"
481,수원,"1846",수인분당선,화서 방면,"5","2",수원,"1713","1",화서 방면,"1","3","07:00"
482,수원,"1846",수인분당선,세류 방면,"5","2",수원,"1713","1",세류 방면,"1","3","07:00"
483,강남구청,"1849",수인분당선,압구정로데오 방면,"3","1",강남구청,"2732","7",청담 방면,"5","3","07:00"
484,강남구청,"1849",수인분당선,선정릉 방면,"5","3",강남구청,"2732","7",학동 방면,"5","3","07:00"
485,강남구청,"1849",수인분당선,압구정로데오 방면,"3","1",강남구청,"2732","7",학동 방면,"5","3","07:00"
486,강남구청,"1849",수인분당선,선정릉 방면,"5","3",강남구청,"2732","7",청담 방면,"5","3","07:00"
487,모란,"1853",수인분당선,태평 방면,"1","1",모란,"2827","8",수진 방면,"1","1","01:31"
488,모란,"1853",수인분당선,야탑 방면,"6","4",모란,"2827","8",수진 방면,"1","1","01:31"
489,정자,"1857",수인분당선,미금 방면,"6","4",정자,"4312",신분당선,동천 방면,"1","1","00:46"
490,정자,"1857",수인분당선,수내 방면,"1","1",정자,"4312",신분당선,판교 방면,"1","1","00:46"
491,정자,"1857",수인분당선,미금 방면,"6","4",정자,"4312",신분당선,판교 방면,"1","1","00:46"
492,정자,"1857",수인분당선,수내 방면,"1","1",정자,"4312",신분당선,동천 방면,"1","1","00:46"
493,기흥,"1865",수인분당선,신갈 방면,"1","3",기흥,"4501",용인경전철,강남대 방면,모든 호차,모든 문,"07:00"
494,기흥,"1865",수인분당선,상갈 방면,"1","3",기흥,"4501",용인경전철,강남대 방면,모든 호차,모든 문,"07:00"
495,원인재,"1884",수인분당선,남동인더스파크 방면,"2","2",원인재,"3130",인천1,신연수 방면,"2","3","08:00"
496,원인재,"1884",수인분당선,연수 방면,"2","2",원인재,"3130",인천1,신연수 방면,"2","3","08:00"
497,원인재,"1884",수인분당선,연수 방면,"2","2",원인재,"3130",인천1,동춘 방면,"2","3","08:00"
498,원인재,"1884",수인분당선,남동인더스파크 방면,"2","2",원인재,"3130",인천1,동춘 방면,"2","3","08:00"
499,도봉산,"1903","1",도봉 방면,"9","3",도봉산,"2712","7",장암 방면,"8","4","01:47"
500,도봉산,"1903","1",망월사 방면,"2","2",도봉산,"2712","7",장암 방면,"8","4","01:47"
501,도봉산,"1903","1",도봉 방면,"9","3",도봉산,"2712","7",수락산 방면,"8","4","01:47"
502,도봉산,"1903","1",망월사 방면,"2","2",도봉산,"2712","7",수락산 방면,"8","4","01:47"
503,회룡,"1905","1",망월사 방면,"1","1",회룡,"4602",의정부경전철,범골 방면,"2","1","07:00"
504,회룡,"1905","1",망월사 방면,"1","1",회룡,"4602",의정부경전철,발곡 방면,"2","1","07:00"
505,회룡,"1905","1",의정부 방면,"10","4",회룡,"4602",의정부경전철,발곡 방면,"2","1","07:00"
506,회룡,"1905","1",의정부 방면,"10","4",회룡,"4602",의정부경전철,범골 방면,"2","1","07:00"
507,대곡,"1953","3",백석 방면,"7","4",대곡,"0300",경의선,곡산 방면,"5","3","10:00"
508,대곡,"1953","3",화정 방면,"4","1",대곡,"0300",경의선,능곡 방면,"5","3","10:00"
509,대곡,"1953","3",화정 방면,"4","1",대곡,"0300",경의선,곡산 방면,"5","3","10:00"
510,대곡,"1953","3",백석 방면,"7","4",대곡,"0300",경의선,능곡 방면,"5","3","10:00"
511,김포공항,"2513","5",개화산 방면,"7","2",김포공항,"4207",공항철도,마곡나루 방면,"3","4","08:00"
512,김포공항,"2513","5",송정 방면,"1","4",김포공항,"4207",공항철도,마곡나루 방면,"3","4","08:00"
513,김포공항,"2513","5",송정 방면,"1","4",김포공항,"4102","9",공항시장 방면,모든 호차,모든 문,"10:00"
514,김포공항,"2513","5",송정 방면,"1","4",김포공항,"4102","9",개화 방면,모든 호차,모든 문,"10:00"
515,김포공항,"2513","5",송정 방면,"1","4",김포공항,"4207",공항철도,계양 방면,"3","4","08:00"
516,김포공항,"2513","5",개화산 방면,"7","2",김포공항,"4102","9",공항시장 방면,모든 호차,모든 문,"10:00"
517,김포공항,"2513","5",개화산 방면,"7","2",김포공항,"4102","9",개화 방면,모든 호차,모든 문,"10:00"
518,김포공항,"2513","5",개화산 방면,"7","2",김포공항,"4207",공항철도,계양 방면,"3","4","08:00"
519,까치산,"2519","5",신정 방면,"4","4",까치산,"0200","2",신정네거리 방면,"1","1","01:37"
520,까치산,"2519","5",화곡 방면,"1","1",까치산,"0200","2",신정네거리 방면,"1","1","01:37"
521,영등포구청,"2524","5",양평 방면,"7","2",영등포구청,"0236","2",당산 방면,"7","4","04:19"
522,영등포구청,"2524","5",양평 방면,"7","2",영등포구청,"0236","2",문래 방면,"7","4","04:19"
523,영등포구청,"2524","5",영등포시장 방면,"2","3",영등포구청,"0236","2",당산 방면,"7","4","04:19"
524,영등포구청,"2524","5",영등포시장 방면,"2","3",영등포구청,"0236","2",문래 방면,"7","4","04:19"
525,신길,"2526","5",영등포시장 방면,"7","2",신길,"1032","1",대방 방면,"2","4","06:31"
526,신길,"2526","5",여의도 방면,"2","2",신길,"1032","1",영등포 방면,"2","4","06:31"
527,신길,"2526","5",여의도 방면,"2","2",신길,"1032","1",대방 방면,"2","4","06:31"
528,신길,"2526","5",영등포시장 방면,"7","2",신길,"1032","1",영등포 방면,"2","4","06:31"
529,여의도,"2527","5",신길 방면,"3","4",여의도,"4115","9",샛강 방면,"3","3","10:00"
530,여의도,"2527","5",여의나루 방면,"6","1",여의도,"4115","9",국회의사당 방면,"3","3","10:00"
531,여의도,"2527","5",여의나루 방면,"3","4",여의도,"4115","9",샛강 방면,"3","3","10:00"
532,여의도,"2527","5",신길 방면,"6","1",여의도,"4115","9",국회의사당 방면,"3","3","10:00"
533,공덕,"2530","5",마포 방면,"1","1",공덕,"2627","6",대흥 방면,"8","4","02:54"
534,공덕,"2530","5",애오개 방면,"8","4",공덕,"2627","6",효창공원앞 방면,"8","4","02:54"
535,공덕,"2530","5",애오개 방면,모든 호차,모든 문,공덕,"1262",경의선,서강대 방면,모든 호차,모든 문,"10:00"
536,공덕,"2530","5",애오개 방면,"8","4",공덕,"2627","6",대흥 방면,"8","4","02:54"
537,공덕,"2530","5",마포 방면,모든 호차,모든 문,공덕,"1262",경의선,서강대 방면,모든 호차,모든 문,"10:00"
538,공덕,"2530","5",애오개 방면,"8","4",공덕,"4202",공항철도,홍대입구 방면,"1","4","10:00"
539,공덕,"2530","5",마포 방면,"1","1",공덕,"4202",공항철도,서울역 방면,"1","4","10:00"
540,공덕,"2530","5",애오개 방면,"1","1",공덕,"1262",경의선,효창공원앞 방면,모든 호차,모든 문,"10:00"
541,공덕,"2530","5",마포 방면,"8","4",공덕,"1262",경의선,효창공원앞 방면,모든 호차,모든 문,"10:00"
542,공덕,"2530","5",마포 방면,"1","1",공덕,"4202",공항철도,홍대입구 방면,"1","4","10:00"
543,공덕,"2530","5",마포 방면,"1","1",공덕,"2627","6",효창공원앞 방면,"8","4","02:54"
544,공덕,"2530","5",애오개 방면,"8","4",공덕,"4202",공항철도,서울역 방면,"1","4","10:00"
545,충정로,"2532","5",서대문 방면,"3","3",충정로,"0243","2",아현 방면,"4","3","04:41"
546,충정로,"2532","5",서대문 방면,"3","3",충정로,"0243","2",시청 방면,"4","3","04:41"
547,충정로,"2532","5",애오개 방면,"4","1",충정로,"0243","2",아현 방면,"4","3","04:41"
548,충정로,"2532","5",애오개 방면,"4","1",충정로,"0243","2",시청 방면,"4","3","04:41"
549,종로3가,"2535","5",광화문 방면,"8","4",종로3가,"0319","3",을지로3가 방면,"10","4","02:56"
550,종로3가,"2535","5",을지로4가 방면,"1","1",종로3가,"0319","3",안국 방면,"10","4","02:56"
551,종로3가,"2535","5",을지로4가 방면,"1","1",종로3가,"0153","1",종로5가 방면,"6","1","05:26"
552,종로3가,"2535","5",을지로4가 방면,"1","1",종로3가,"0319","3",을지로3가 방면,"10","4","02:56"
553,종로3가,"2535","5",을지로4가 방면,"1","1",종로3가,"0153","1",종각 방면,"6","1","05:26"
554,종로3가,"2535","5",광화문 방면,"8","4",종로3가,"0153","1",종각 방면,"6","1","05:26"
555,종로3가,"2535","5",광화문 방면,"8","4",종로3가,"0153","1",종로5가 방면,"6","1","05:26"
556,종로3가,"2535","5",광화문 방면,"8","4",종로3가,"0319","3",안국 방면,"10","4","02:56"
557,을지로4가,"2536","5",종로3가 방면,"7","4",을지로4가,"0204","2",을지로3가 방면,"4","3","02:59"
558,을지로4가,"2536","5",동대문역사문화공원 방면,"2","1",을지로4가,"0204","2",을지로3가 방면,"4","3","02:59"
559,을지로4가,"2536","5",종로3가 방면,"8","4",을지로4가,"0204","2",동대문역사문화공원 방면,"4","3","02:59"
560,을지로4가,"2536","5",동대문역사문화공원 방면,"1","1",을지로4가,"0204","2",동대문역사문화공원 방면,"4","3","02:59"
561,동대문역사문화공원,"2537","5",청구 방면,"1","1",동대문역사문화공원,"0422","4",동대문 방면,"10","4","02:34"
562,동대문역사문화공원,"2537","5",을지로4가 방면,"8","4",동대문역사문화공원,"0422","4",동대문 방면,"10","4","02:34"
563,동대문역사문화공원,"2537","5",청구 방면,"1","1",동대문역사문화공원,"0422","4",충무로 방면,"10","4","02:34"
564,동대문역사문화공원,"2537","5",청구 방면,"1","1",동대문역사문화공원,"0205","2",신당 방면,"9","2","02:24"
565,동대문역사문화공원,"2537","5",을지로4가 방면,"8","4",동대문역사문화공원,"0205","2",신당 방면,"9","2","02:24"
566,동대문역사문화공원,"2537","5",청구 방면,"1","1",동대문역사문화공원,"0205","2",을지로4가 방면,"9","2","02:24"
567,동대문역사문화공원,"2537","5",을지로4가 방면,"8","4",동대문역사문화공원,"0422","4",충무로 방면,"10","4","02:34"
568,동대문역사문화공원,"2537","5",을지로4가 방면,"8","4",동대문역사문화공원,"0205","2",을지로4가 방면,"9","2","02:24"
569,청구,"2538","5",신금호 방면,"4","3",청구,"2635","6",약수 방면,"6","2","01:17"
570,청구,"2538","5",동대문역사문화공원 방면,"2","4",청구,"2635","6",약수 방면,"6","2","01:17"
571,청구,"2538","5",동대문역사문화공원 방면,"2","4",청구,"2635","6",신당 방면,"6","2","01:17"
572,청구,"2538","5",신금호 방면,"4","3",청구,"2635","6",신당 방면,"6","2","01:17"
573,왕십리,"2541","5",행당 방면,"2","3",왕십리,"102C",수인분당선,서울숲 방면,"3","4","07:00"
574,왕십리,"2541","5",마장 방면,"7","2",왕십리,"102C",수인분당선,서울숲 방면,"3","4","07:00"
575,왕십리,"2541","5",마장 방면,"5","2",왕십리,"1013",경의선,청량리 방면,"4","2","06:32"
576,왕십리,"2541","5",마장 방면,"5","2",왕십리,"1013",경의선,응봉 방면,"4","2","06:32"
577,왕십리,"2541","5",행당 방면,"4","2",왕십리,"1013",경의선,응봉 방면,"4","2","06:32"
578,왕십리,"2541","5",행당 방면,"2","3",왕십리,"1013",경의선,청량리 방면,"4","2","06:32"
579,왕십리,"2541","5",행당 방면,"2","3",왕십리,"0208","2",상왕십리 방면,"8","4","03:44"
580,왕십리,"2541","5",마장 방면,"5","2",왕십리,"0208","2",상왕십리 방면,"8","4","03:44"
581,왕십리,"2541","5",마장 방면,"5","2",왕십리,"0208","2",한양대 방면,"8","4","03:44"
582,왕십리,"2541","5",행당 방면,"2","3",왕십리,"0208","2",한양대 방면,"8","4","03:44"
583,군자,"2545","5",장한평 방면,"8","4",군자,"2727","7",중곡 방면,"5","1","01:49"
584,군자,"2545","5",장한평 방면,"1","1",군자,"2727","7",어린이대공원 방면,"5","1","01:49"
585,군자,"2545","5",아차산 방면,"8","4",군자,"2727","7",어린이대공원 방면,"5","1","01:49"
586,군자,"2545","5",아차산 방면,"1","1",군자,"2727","7",중곡 방면,"5","1","01:49"
587,천호,"2548","5",강동 방면,"8","2",천호,"2812","8",강동구청 방면,"5","4","01:59"
588,천호,"2548","5",광나루 방면,"1","2",천호,"2812","8",암사 방면,"5","4","01:59"
589,천호,"2548","5",광나루 방면,"1","2",천호,"2812","8",강동구청 방면,"5","4","01:59"
590,천호,"2548","5",강동 방면,"8","2",천호,"2812","8",암사 방면,"5","4","01:59"
884,강동,"2549","5",강동 방면,"1","1",강동,"2549","5",둔촌동 방면,"1","1","02:35"
885,강동,"2549","5",강동 방면,"1","1",강동,"2549","5",길동 방면,"1","1","02:35"
591,오금,"2558","5",방이 방면,"8","1",오금,"0342","3",경찰병원 방면,"8","2","01:29"
592,오금,"2558","5",개롱 방면,"1","4",오금,"0342","3",경찰병원 방면,"8","2","01:29"
593,불광,"2613","6",독바위 방면,"2","3",불광,"0312","3",연신내 방면,"10","4","03:50"
594,불광,"2613","6",독바위 방면,"7","2",불광,"0312","3",녹번 방면,"10","4","03:50"
595,연신내,"2615","6",구산 방면,"6","2",연신내,"0311","3",불광 방면,"6","4","04:02"
596,연신내,"2615","6",구산 방면,"6","2",연신내,"0311","3",구파발 방면,"6","4","04:02"
597,디지털미디어시티,"2619","6",증산 방면,"8","4",디지털미디어시티,"4204",공항철도,홍대입구 방면,"6","4","10:00"
598,디지털미디어시티,"2619","6",월드컵경기장 방면,"7","3",디지털미디어시티,"1266",경의선,가좌 방면,"8","4","10:00"
599,디지털미디어시티,"2619","6",월드컵경기장 방면,"7","3",디지털미디어시티,"1266",경의선,수색 방면,"8","4","10:00"
600,디지털미디어시티,"2619","6",증산 방면,"2","2",디지털미디어시티,"1266",경의선,가좌 방면,"8","4","10:00"
601,디지털미디어시티,"2619","6",증산 방면,"2","2",디지털미디어시티,"1266",경의선,수색 방면,"8","4","10:00"
602,디지털미디어시티,"2619","6",월드컵경기장 방면,"1","1",디지털미디어시티,"4204",공항철도,마곡나루 방면,"6","4","10:00"
603,디지털미디어시티,"2619","6",월드컵경기장 방면,"1","1",디지털미디어시티,"4204",공항철도,홍대입구 방면,"6","4","10:00"
604,디지털미디어시티,"2619","6",증산 방면,"8","4",디지털미디어시티,"4204",공항철도,마곡나루 방면,"6","4","10:00"
605,합정,"2623","6",망원 방면,"3","2",합정,"0238","2",당산 방면,"9","3","02:41"
606,합정,"2623","6",상수 방면,"6","3",합정,"0238","2",홍대입구 방면,"9","3","02:41"
607,합정,"2623","6",망원 방면,"3","2",합정,"0238","2",홍대입구 방면,"9","3","02:41"
608,합정,"2623","6",상수 방면,"6","3",합정,"0238","2",당산 방면,"9","3","02:41"
609,공덕,"2627","6",효창공원앞 방면,"1","1",공덕,"1262",경의선,효창공원앞 방면,모든 호차,모든 문,"10:00"
610,공덕,"2627","6",대흥 방면,"8","4",공덕,"1262",경의선,효창공원앞 방면,모든 호차,모든 문,"10:00"
611,공덕,"2627","6",대흥 방면,모든 호차,모든 문,공덕,"1262",경의선,서강대 방면,모든 호차,모든 문,"10:00"
612,공덕,"2627","6",대흥 방면,"1","1",공덕,"4202",공항철도,홍대입구 방면,"1","4","10:00"
613,공덕,"2627","6",효창공원앞 방면,"8","4",공덕,"2530","5",마포 방면,"1","1","02:54"
614,공덕,"2627","6",효창공원앞 방면,모든 호차,모든 문,공덕,"1262",경의선,서강대 방면,모든 호차,모든 문,"10:00"
615,공덕,"2627","6",효창공원앞 방면,"8","4",공덕,"4202",공항철도,홍대입구 방면,"1","4","10:00"
616,공덕,"2627","6",효창공원앞 방면,"8","4",공덕,"4202",공항철도,서울역 방면,"1","4","10:00"
617,공덕,"2627","6",대흥 방면,"1","1",공덕,"4202",공항철도,서울역 방면,"1","4","10:00"
618,공덕,"2627","6",대흥 방면,"1","1",공덕,"2530","5",애오개 방면,"1","1","02:54"
619,공덕,"2627","6",대흥 방면,"1","1",공덕,"2530","5",마포 방면,"1","1","02:54"
620,공덕,"2627","6",효창공원앞 방면,"8","4",공덕,"2530","5",애오개 방면,"1","1","02:54"
621,삼각지,"2629","6",효창공원앞 방면,"6","4",삼각지,"0428","4",숙대입구 방면,"10","3","03:54"
622,삼각지,"2629","6",녹사평 방면,"3","1",삼각지,"0428","4",숙대입구 방면,"10","3","03:54"
623,삼각지,"2629","6",녹사평 방면,"6","4",삼각지,"0428","4",신용산 방면,"10","3","03:54"
624,삼각지,"2629","6",효창공원앞 방면,"2","4",삼각지,"0428","4",신용산 방면,"10","3","03:54"
625,약수,"2634","6",버티고개 방면,"8","4",약수,"0323","3",동대입구 방면,"7","1","02:41"
626,약수,"2634","6",청구 방면,"1","1",약수,"0323","3",동대입구 방면,"7","1","02:41"
627,약수,"2634","6",청구 방면,"1","1",약수,"0323","3",금호 방면,"7","1","02:41"
628,약수,"2634","6",버티고개 방면,"8","4",약수,"0323","3",금호 방면,"7","1","02:41"
629,청구,"2635","6",약수 방면,"6","2",청구,"2538","5",신금호 방면,"4","3","01:17"
630,청구,"2635","6",신당 방면,"6","2",청구,"2538","5",동대문역사문화공원 방면,"4","3","01:17"
631,청구,"2635","6",약수 방면,"6","2",청구,"2538","5",동대문역사문화공원 방면,"4","3","01:17"
632,청구,"2635","6",신당 방면,"6","2",청구,"2538","5",신금호 방면,"4","3","01:17"
633,신당,"2636","6",동묘앞 방면,"8","4",신당,"0206","2",상왕십리 방면,"10","4","04:01"
634,신당,"2636","6",청구 방면,"1","1",신당,"0206","2",동대문역사문화공원 방면,"10","4","04:01"
635,신당,"2636","6",청구 방면,"1","1",신당,"0206","2",상왕십리 방면,"10","4","04:01"
636,신당,"2636","6",동묘앞 방면,"8","4",신당,"0206","2",동대문역사문화공원 방면,"10","4","04:01"
637,동묘앞,"2637","6",창신 방면,"2","2",동묘앞,"0159","1",신설동 방면,"9","2","03:00"
638,동묘앞,"2637","6",신당 방면,"7","3",동묘앞,"0159","1",동대문 방면,"9","2","03:00"
639,동묘앞,"2637","6",신당 방면,"7","3",동묘앞,"0159","1",신설동 방면,"9","2","03:00"
640,동묘앞,"2637","6",창신 방면,"2","2",동묘앞,"0159","1",동대문 방면,"9","2","03:00"
641,보문,"2639","6",창신 방면,"2","2",보문,"4712",우이신설경전철,신설동 방면,"1","1","03:07"
642,보문,"2639","6",안암 방면,"5","4",보문,"4712",우이신설경전철,신설동 방면,"1","1","03:07"
643,보문,"2639","6",안암 방면,"5","4",보문,"4712",우이신설경전철,성신여대입구 방면,"1","1","03:07"
644,보문,"2639","6",창신 방면,"3","4",보문,"4712",우이신설경전철,성신여대입구 방면,"1","1","03:07"
645,석계,"2645","6",태릉입구 방면,"5","2",석계,"1018","1",신이문 방면,"10","4","03:28"
646,석계,"2645","6",돌곶이 방면,"4","3",석계,"1018","1",신이문 방면,"10","4","03:28"
647,석계,"2645","6",돌곶이 방면,"4","3",석계,"1018","1",광운대 방면,"10","4","03:28"
648,석계,"2645","6",태릉입구 방면,"5","2",석계,"1018","1",광운대 방면,"10","4","03:28"
649,태릉입구,"2646","6",화랑대 방면,"1","1",태릉입구,"2719","7",먹골 방면,"8","4","02:53"
650,태릉입구,"2646","6",석계 방면,"8","4",태릉입구,"2719","7",먹골 방면,"8","4","02:53"
651,태릉입구,"2646","6",화랑대 방면,"1","1",태릉입구,"2719","7",공릉 방면,"8","4","02:53"
652,태릉입구,"2646","6",석계 방면,"8","4",태릉입구,"2719","7",공릉 방면,"8","4","02:53"
653,도봉산,"2712","7",수락산 방면,"8","4",도봉산,"1903","1",망월사 방면,"2","2","01:47"
654,도봉산,"2712","7",장암 방면,"1","1",도봉산,"1903","1",망월사 방면,"2","2","01:47"
655,도봉산,"2712","7",수락산 방면,"8","4",도봉산,"1903","1",도봉 방면,"2","2","01:47"
656,도봉산,"2712","7",장암 방면,"1","1",도봉산,"1903","1",도봉 방면,"2","2","01:47"
657,노원,"2715","7",마들 방면,"1","1",노원,"0411","4",상계 방면,"1","1","06:33"
658,노원,"2715","7",중계 방면,"8","4",노원,"0411","4",창동 방면,"1","1","06:33"
659,노원,"2715","7",마들 방면,"1","1",노원,"0411","4",창동 방면,"1","1","06:33"
660,노원,"2715","7",중계 방면,"8","4",노원,"0411","4",상계 방면,"1","1","06:33"
661,태릉입구,"2719","7",먹골 방면,"1","1",태릉입구,"2646","6",화랑대 방면,"1","1","02:53"
662,태릉입구,"2719","7",공릉 방면,"8","4",태릉입구,"2646","6",석계 방면,"1","1","02:53"
663,태릉입구,"2719","7",공릉 방면,"8","4",태릉입구,"2646","6",화랑대 방면,"1","1","02:53"
664,태릉입구,"2719","7",먹골 방면,"1","1",태릉입구,"2646","6",석계 방면,"1","1","02:53"
665,상봉,"2722","7",면목 방면,"6","1",상봉,"1202",경의선,망우 방면,"6","2",
666,상봉,"2722","7",중화 방면,"3","4",상봉,"1309",경춘선,망우 방면,"4","4",
667,상봉,"2722","7",면목 방면,"6","1",상봉,"1309",경춘선,망우 방면,"4","4",
668,상봉,"2722","7",중화 방면,"3","4",상봉,"1202",경의선,중랑 방면,"6","2",
669,상봉,"2722","7",면목 방면,"6","1",상봉,"1202",경의선,중랑 방면,"6","2",
670,상봉,"2722","7",중화 방면,"3","4",상봉,"1202",경의선,망우 방면,"6","2",
671,군자,"2727","7",중곡 방면,"4","4",군자,"2545","5",장한평 방면,"1","1","01:49"
672,군자,"2727","7",어린이대공원 방면,"5","1",군자,"2545","5",아차산 방면,"1","1","01:49"
673,군자,"2727","7",중곡 방면,"4","4",군자,"2545","5",아차산 방면,"1","1","01:49"
674,군자,"2727","7",어린이대공원 방면,"5","1",군자,"2545","5",장한평 방면,"1","1","01:49"
675,건대입구,"2729","7",어린이대공원 방면,"8","4",건대입구,"0212","2",구의 방면,"3","2","02:32"
676,건대입구,"2729","7",자양 방면,"1","1",건대입구,"0212","2",구의 방면,"3","2","02:32"
677,건대입구,"2729","7",어린이대공원 방면,"8","4",건대입구,"0212","2",성수 방면,"3","2","02:32"
678,건대입구,"2729","7",자양 방면,"1","1",건대입구,"0212","2",성수 방면,"3","2","02:32"
679,강남구청,"2732","7",학동 방면,"5","3",강남구청,"1849",수인분당선,선정릉 방면,"3","1","07:00"
680,강남구청,"2732","7",학동 방면,"5","3",강남구청,"1849",수인분당선,압구정로데오 방면,"3","1","07:00"
681,강남구청,"2732","7",청담 방면,"4","3",강남구청,"1849",수인분당선,압구정로데오 방면,"3","1","07:00"
682,강남구청,"2732","7",청담 방면,"4","3",강남구청,"1849",수인분당선,선정릉 방면,"3","1","07:00"
683,고속터미널,"2736","7",반포 방면,"2","3",고속터미널,"4123","9",신반포 방면,"2","1","10:00"
684,고속터미널,"2736","7",내방 방면,"7","1",고속터미널,"4123","9",사평 방면,"2","1","10:00"
685,고속터미널,"2736","7",내방 방면,"7","1",고속터미널,"4123","9",신반포 방면,"2","1","10:00"
686,고속터미널,"2736","7",반포 방면,"2","3",고속터미널,"0329","3",교대 방면,"7","2","04:22"
687,고속터미널,"2736","7",내방 방면,"7","1",고속터미널,"0329","3",잠원 방면,"7","2","04:22"
688,고속터미널,"2736","7",반포 방면,"2","3",고속터미널,"0329","3",잠원 방면,"7","2","04:22"
689,고속터미널,"2736","7",반포 방면,"2","3",고속터미널,"4123","9",사평 방면,"2","1","10:00"
690,고속터미널,"2736","7",내방 방면,"7","1",고속터미널,"0329","3",교대 방면,"7","2","04:22"
691,이수,"2738","7",남성 방면,"8","4",총신대입구,"0432","4",동작 방면,"1","1","02:51"
692,이수,"2738","7",내방 방면,"2","2",총신대입구,"0432","4",동작 방면,"1","1","02:51"
693,이수,"2738","7",남성 방면,"8","4",총신대입구,"0432","4",사당 방면,"1","1","02:51"
694,이수,"2738","7",내방 방면,"2","2",총신대입구,"0432","4",사당 방면,"1","1","02:51"
695,보라매,"2744","7",신대방삼거리 방면,"1","1",보라매,"4404",신림선,보라매공원 방면,"1","2","02:24"
696,보라매,"2744","7",신풍 방면,"8","4",보라매,"4404",신림선,보라매공원 방면,"1","2","02:24"
697,보라매,"2744",신림선,서울지방병무청 방면,"3","1",보라매,"2744","7",신풍 방면,"8","4","02:24"
698,보라매,"2744",신림선,보라매공원 방면,"1","2",보라매,"2744","7",신대방삼거리 방면,"8","4","02:24"
699,보라매,"2744",신림선,보라매공원 방면,"1","2",보라매,"2744","7",신풍 방면,"8","4","02:24"
700,보라매,"2744","7",신풍 방면,"8","4",보라매,"4404",신림선,서울지방병무청 방면,"1","2","02:24"
701,보라매,"2744","7",신대방삼거리 방면,"1","1",보라매,"4404",신림선,서울지방병무청 방면,"1","2","02:24"
702,보라매,"2744",신림선,서울지방병무청 방면,"3","1",보라매,"2744","7",신대방삼거리 방면,"8","4","02:24"
703,대림,"2746","7",신풍 방면,"8","4",대림,"0233","2",구로디지털단지 방면,"7","4","04:05"
704,대림,"2746","7",신풍 방면,"8","4",대림,"0233","2",신도림 방면,"7","4","04:05"
705,대림,"2746","7",남구로 방면,"1","1",대림,"0233","2",구로디지털단지 방면,"7","4","04:05"
706,대림,"2746","7",남구로 방면,"1","1",대림,"0233","2",신도림 방면,"7","4","04:05"
707,가산디지털단지,"2748","7",남구로 방면,"4","3",가산디지털단지,"1702","1",구로 방면,"1","2","03:16"
708,가산디지털단지,"2748","7",남구로 방면,"4","3",가산디지털단지,"1702","1",독산 방면,"1","2","03:16"
709,가산디지털단지,"2748","7",철산 방면,"5","1",가산디지털단지,"1702","1",구로 방면,"1","2","03:16"
710,가산디지털단지,"2748","7",철산 방면,"5","1",가산디지털단지,"1702","1",독산 방면,"1","2","03:16"
711,온수,"2752","7",천왕 방면,"8","4",온수,"1821","1",역곡 방면,"1","1","04:14"
712,온수,"2752","7",오류동 방면,"1","1",온수,"1821","1",오류동 방면,"1","1","04:14"
713,온수,"2752","7",역곡 방면,"1","1",온수,"1821","1",역곡 방면,"1","1","04:14"
714,온수,"2752","7",천왕 방면,"8","4",온수,"1821","1",오류동 방면,"1","1","04:14"
715,별내,"2805","8",갈매 방면,"6","1",별내,"1313",경춘선,갈매 방면,"6","1","00:43"
716,별내,"2805","8",퇴계원 방면,"6","1",별내,"1313",경춘선,퇴계원 방면,"6","1","00:43"
717,구리,"2808","8",장자호수공원 방면,"6","1",구리,"1205",경의선,양원 방면,"6","1","00:43"
718,구리,"2808","8",장자호수공원 방면,"6","1",구리,"1205",경의선,도농 방면,"6","1","00:43"
719,구리,"2808","8",동구릉 방면,"6","1",구리,"1205",경의선,양원 방면,"6","1","00:43"
720,구리,"2808","8",동구릉 방면,"6","1",구리,"1205",경의선,도농 방면,"6","1","00:43"
721,천호,"2812","8",강동구청 방면,"5","4",천호,"2548","5",강동 방면,"8","2","01:59"
722,천호,"2812","8",암사 방면,"2","1",천호,"2548","5",강동 방면,"8","2","01:59"
723,천호,"2812","8",강동구청 방면,"5","4",천호,"2548","5",광나루 방면,"8","2","01:59"
724,천호,"2812","8",암사 방면,"2","1",천호,"2548","5",광나루 방면,"8","2","01:59"
725,잠실,"2815","8",몽촌토성 방면,"6","4",잠실,"0216","2",잠실나루 방면,"10","3","02:38"
726,잠실,"2815","8",석촌 방면,"1","1",잠실,"0216","2",잠실새내 방면,"10","3","02:38"
727,잠실,"2815","8",몽촌토성 방면,"6","4",잠실,"0216","2",잠실새내 방면,"10","3","02:38"
728,잠실,"2815","8",석촌 방면,"1","1",잠실,"0216","2",잠실나루 방면,"10","3","02:38"
729,가락시장,"2818","8",문정 방면,"1","1",가락시장,"0340","3",경찰병원 방면,"10","1","01:29"
730,가락시장,"2818","8",문정 방면,"1","1",가락시장,"0340","3",수서 방면,"10","1","01:29"
731,가락시장,"2818","8",송파 방면,"6","4",가락시장,"0340","3",경찰병원 방면,"10","1","01:29"
732,가락시장,"2818","8",송파 방면,"6","4",가락시장,"0340","3",수서 방면,"10","1","01:29"
733,복정,"2821","8",장지 방면,"3","4",복정,"1031",수인분당선,가천대 방면,"3","3","00:46"
734,복정,"2821","8",산성 방면,"4","1",복정,"1031",수인분당선,가천대 방면,"3","3","00:46"
735,복정,"2821","8",산성 방면,"4","1",복정,"1031",수인분당선,수서 방면,"3","3","00:46"
736,복정,"2821","8",장지 방면,"3","4",복정,"1031",수인분당선,수서 방면,"3","3","00:46"
737,모란,"2827","8",야탑 방면,"1","1",모란,"1853",수인분당선,야탑 방면,"6","4","01:31"
738,모란,"2827","8",태평 방면,"1","1",모란,"1853",수인분당선,태평 방면,"6","4","01:31"
739,계양,"3110",인천1,김포공항 방면,"3","3",계양,"4208",공항철도,김포공항 방면,"2","1","05:00"
740,계양,"3110",인천1,검암 방면,"3","3",계양,"4208",공항철도,검암 방면,"2","1","05:00"
741,부평,"3120",인천1,부평시장 방면,"3","3",부평,"1806","1",부개 방면,"6","1","05:00"
742,부평,"3120",인천1,동수 방면,"6","2",부평,"1806","1",부개 방면,"6","1","05:00"
743,부평,"3120",인천1,동수 방면,"6","2",부평,"1806","1",백운 방면,"6","1","05:00"
744,부평,"3120",인천1,부평시장 방면,"3","3",부평,"1806","1",백운 방면,"6","1","05:00"
745,원인재,"3130",인천1,신연수 방면,"2","3",원인재,"1884",수인분당선,남동인더스파크 방면,"2","2","10:00"
746,원인재,"3130",인천1,신연수 방면,"2","3",원인재,"1884",수인분당선,연수 방면,"2","2","10:00"
747,원인재,"3130",인천1,동춘 방면,"5","3",원인재,"1884",수인분당선,남동인더스파크 방면,"2","2","10:00"
748,원인재,"3130",인천1,동춘 방면,"5","3",원인재,"1884",수인분당선,연수 방면,"2","2","10:00"
749,김포공항,"4102","9",공항시장 방면,모든 호차,모든 문,김포공항,"4207",공항철도,계양 방면,"3","4","10:00"
750,김포공항,"4102","9",개화 방면,"2","4",김포공항,"2513","5",송정 방면,"1","4","10:00"
751,김포공항,"4102","9",개화 방면,"2","4",김포공항,"2513","5",개화산 방면,"1","4","10:00"
752,김포공항,"4102","9",공항시장 방면,"4","4",김포공항,"2513","5",송정 방면,"1","4","10:00"
753,김포공항,"4102","9",공항시장 방면,"3","1",김포공항,"2513","5",개화산 방면,"1","4","10:00"
754,김포공항,"4102","9",개화 방면,"2","4",김포공항,"4207",공항철도,마곡나루 방면,"3","4","10:00"
755,김포공항,"4102","9",개화 방면,"2","4",김포공항,"4207",공항철도,계양 방면,"3","4","10:00"
756,김포공항,"4102","9",공항시장 방면,모든 호차,모든 문,김포공항,"4207",공항철도,마곡나루 방면,"3","4","10:00"
757,당산,"4113","9",선유도 방면,"1","1",당산,"0237","2",합정 방면,"8","1","10:00"
758,당산,"4113","9",국회의사당 방면,"4","4",당산,"0237","2",합정 방면,"8","1","10:00"
759,당산,"4113","9",국회의사당 방면,"4","4",당산,"0237","2",영등포구청 방면,"8","1","10:00"
760,당산,"4113","9",선유도 방면,"1","1",당산,"0237","2",영등포구청 방면,"8","1","10:00"
761,여의도,"4115","9",샛강 방면,"3","3",여의도,"2527","5",신길 방면,"6","1","10:00"
762,여의도,"4115","9",샛강 방면,"3","3",여의도,"2527","5",여의나루 방면,"6","1","10:00"
763,여의도,"4115","9",국회의사당 방면,"2","3",여의도,"2527","5",신길 방면,"6","1","10:00"
764,여의도,"4115","9",국회의사당 방면,"2","3",여의도,"2527","5",여의나루 방면,"6","1","10:00"
765,샛강,"4116",신림선,여의도 방면,"1","1",샛강,"4116","9",여의도 방면,"1","1","02:24"
766,샛강,"4116",신림선,노량진 방면,"1","1",샛강,"4116","9",노량진 방면,"1","1","02:24"
767,샛강,"4116","9",노량진 방면,"1","1",샛강,"4401",신림선,대방 방면,"1","1","02:24"
768,샛강,"4116","9",여의도 방면,"1","1",샛강,"4401",신림선,대방 방면,"1","1","02:24"
769,노량진,"4117","9",노들 방면,"4","2",노량진,"1004","1",용산 방면,"1","1","07:00"
770,노량진,"4117","9",노들 방면,"4","2",노량진,"1004","1",대방 방면,"1","1","07:00"
771,노량진,"4117","9",샛강 방면,"1","3",노량진,"1004","1",대방 방면,"1","1","07:00"
772,노량진,"4117","9",샛강 방면,"1","3",노량진,"1004","1",용산 방면,"1","1","07:00"
773,동작,"4120","9",흑석 방면,"4","4",동작,"0431","4",이촌 방면,"5","3","10:00"
774,동작,"4120","9",구반포 방면,"1","1",동작,"0431","4",총신대입구 방면,"5","3","10:00"
775,동작,"4120","9",구반포 방면,"1","1",동작,"0431","4",이촌 방면,"5","3","10:00"
776,동작,"4120","9",흑석 방면,"4","4",동작,"0431","4",총신대입구 방면,"5","3","10:00"
777,고속터미널,"4123","9",사평 방면,"2","1",고속터미널,"0329","3",잠원 방면,"7","2","10:00"
778,고속터미널,"4123","9",신반포 방면,"4","1",고속터미널,"2736","7",내방 방면,"7","1","10:00"
779,고속터미널,"4123","9",신반포 방면,"4","1",고속터미널,"2736","7",반포 방면,"7","1","10:00"
780,고속터미널,"4123","9",신반포 방면,"4","1",고속터미널,"0329","3",잠원 방면,"7","2","10:00"
781,고속터미널,"4123","9",사평 방면,"2","1",고속터미널,"2736","7",반포 방면,"7","1","10:00"
782,고속터미널,"4123","9",사평 방면,"2","1",고속터미널,"2736","7",내방 방면,"7","1","10:00"
783,고속터미널,"4123","9",신반포 방면,"4","1",고속터미널,"0329","3",교대 방면,"7","2","10:00"
784,고속터미널,"4123","9",사평 방면,"2","1",고속터미널,"0329","3",교대 방면,"7","2","10:00"
785,서울역,"4201",공항철도,숙대입구 방면,"3","2",서울역,"0426","4",숙대입구 방면,"3","3","10:00"
786,서울역,"4201",공항철도,남영 방면,"3","2",서울역,"0150","1",남영 방면,"10","4","10:00"
787,서울역,"4201",공항철도,회현 방면,"3","2",서울역,"0426","4",회현 방면,"3","3","10:00"
788,서울역,"4201",공항철도,시청 방면,"3","2",서울역,"0150","1",시청 방면,"10","4","10:00"
789,공덕,"4202",공항철도,홍대입구 방면,"1","4",공덕,"1262",경의선,서강대 방면,모든 호차,모든 문,"10:00"
790,공덕,"4202",공항철도,홍대입구 방면,"1","4",공덕,"2627","6",대흥 방면,"8","4","07:00"
791,공덕,"4202",공항철도,홍대입구 방면,"1","4",공덕,"2627","6",효창공원앞 방면,"8","4","07:00"
792,공덕,"4202",공항철도,서울역 방면,"6","1",공덕,"2627","6",대흥 방면,"8","4","07:00"
793,공덕,"4202",공항철도,홍대입구 방면,"1","4",공덕,"1262",경의선,효창공원앞 방면,모든 호차,모든 문,"10:00"
794,공덕,"4202",공항철도,서울역 방면,"6","1",공덕,"2627","6",효창공원앞 방면,"8","4","07:00"
795,공덕,"4202",공항철도,서울역 방면,"6","1",공덕,"1262",경의선,효창공원앞 방면,모든 호차,모든 문,"10:00"
796,공덕,"4202",공항철도,홍대입구 방면,"1","4",공덕,"2530","5",마포 방면,"1","1","07:00"
797,공덕,"4202",공항철도,홍대입구 방면,"1","4",공덕,"2530","5",애오개 방면,"1","1","07:00"
798,공덕,"4202",공항철도,서울역 방면,"6","1",공덕,"2530","5",마포 방면,"1","1","07:00"
799,공덕,"4202",공항철도,서울역 방면,"6","1",공덕,"2530","5",애오개 방면,"1","1","07:00"
800,공덕,"4202",공항철도,서울역 방면,"6","1",공덕,"1262",경의선,서강대 방면,모든 호차,모든 문,"10:00"
801,홍대입구,"4203",공항철도,서울역 방면,"5","3",홍대입구,"0239","2",신촌 방면,"8","2","10:00"
802,홍대입구,"4203",공항철도,디지털미디어시티 방면,"2","2",홍대입구,"0239","2",신촌 방면,"8","2","10:00"
803,홍대입구,"4203",공항철도,디지털미디어시티 방면,"2","2",홍대입구,"0239","2",합정 방면,"8","2","10:00"
804,홍대입구,"4203",공항철도,서울역 방면,"5","3",홍대입구,"1264",경의선,가좌 방면,"1","1","10:00"
805,홍대입구,"4203",공항철도,서울역 방면,"5","3",홍대입구,"0239","2",합정 방면,"8","2","10:00"
806,홍대입구,"4203",공항철도,디지털미디어시티 방면,"2","2",홍대입구,"1264",경의선,서강대 방면,"1","1","10:00"
807,홍대입구,"4203",공항철도,디지털미디어시티 방면,"2","2",홍대입구,"1264",경의선,가좌 방면,"1","1","10:00"
808,홍대입구,"4203",공항철도,서울역 방면,"5","3",홍대입구,"1264",경의선,서강대 방면,"1","1","10:00"
809,디지털미디어시티,"4204",공항철도,홍대입구 방면,"2","3",디지털미디어시티,"1266",경의선,수색 방면,"8","4","10:00"
810,디지털미디어시티,"4204",공항철도,홍대입구 방면,"2","3",디지털미디어시티,"1266",경의선,가좌 방면,"8","4","10:00"
811,디지털미디어시티,"4204",공항철도,마곡나루 방면,"6","4",디지털미디어시티,"1266",경의선,수색 방면,"8","4","10:00"
812,디지털미디어시티,"4204",공항철도,마곡나루 방면,"6","4",디지털미디어시티,"1266",경의선,가좌 방면,"8","4","10:00"
813,디지털미디어시티,"4204",공항철도,홍대입구 방면,"2","3",디지털미디어시티,"2619","6",월드컵경기장 방면,"8","4","10:00"
814,디지털미디어시티,"4204",공항철도,홍대입구 방면,"2","3",디지털미디어시티,"2619","6",증산 방면,"8","4","10:00"
815,디지털미디어시티,"4204",공항철도,마곡나루 방면,"6","4",디지털미디어시티,"2619","6",월드컵경기장 방면,"8","4","10:00"
816,디지털미디어시티,"4204",공항철도,마곡나루 방면,"6","4",디지털미디어시티,"2619","6",증산 방면,"8","4","10:00"
817,김포공항,"4207",공항철도,계양 방면,"3","4",김포공항,"2513","5",개화산 방면,"1","4","08:00"
818,김포공항,"4207",공항철도,마곡나루 방면,"2","2",김포공항,"4102","9",개화 방면,모든 호차,모든 문,"10:00"
819,김포공항,"4207",공항철도,마곡나루 방면,"3","4",김포공항,"2513","5",개화산 방면,"1","4","08:00"
820,김포공항,"4207",공항철도,계양 방면,"6","4",김포공항,"2513","5",송정 방면,"1","4","08:00"
821,김포공항,"4207",공항철도,계양 방면,모든 호차,모든 문,김포공항,"4102","9",공항시장 방면,모든 호차,모든 문,"10:00"
822,김포공항,"4207",공항철도,마곡나루 방면,모든 호차,모든 문,김포공항,"4102","9",공항시장 방면,모든 호차,모든 문,"10:00"
823,김포공항,"4207",공항철도,계양 방면,"2","2",김포공항,"4102","9",개화 방면,모든 호차,모든 문,"10:00"
824,김포공항,"4207",공항철도,마곡나루 방면,"6","4",김포공항,"2513","5",송정 방면,"1","4","08:00"
825,계양,"4208",공항철도,검암 방면,"2","1",계양,"3110",인천1,귤현 방면,"3","3","05:00"
826,계양,"4208",공항철도,김포공항 방면,"5","4",계양,"3110",인천1,귤현 방면,"3","3","05:00"
827,강남,"4307",신분당선,역삼 방면,"1","1",강남,"0222","2",역삼 방면,"6","3","02:32"
828,강남,"4307",신분당선,교대 방면,"1","1",강남,"0222","2",교대 방면,"6","3","02:32"
829,양재,"4308",신분당선,양재시민의숲 방면,"6","4",양재,"0332","3",남부터미널 방면,"6","1","02:24"
830,양재,"4308",신분당선,강남 방면,"1","1",양재,"0332","3",남부터미널 방면,"6","1","02:24"
831,양재,"4308",신분당선,양재시민의숲 방면,"6","4",양재,"0332","3",매봉 방면,"6","1","02:24"
832,양재,"4308",신분당선,강남 방면,"1","1",양재,"0332","3",매봉 방면,"6","1","02:24"
833,정자,"4312",신분당선,동천 방면,"1","1",정자,"1857",수인분당선,수내 방면,"6","4","00:46"
834,정자,"4312",신분당선,동천 방면,"1","1",정자,"1857",수인분당선,미금 방면,"6","4","00:46"
835,샛강,"4401","9",여의도 방면,"1","1",샛강,"4401",신림선,대방 방면,"1","1","02:24"
838,샛강,"4401","9",노량진 방면,"1","1",샛강,"4401",신림선,대방 방면,"1","1","02:24"
837,샛강,"4401",신림선,여의도 방면,"1","1",샛강,"4116","9",여의도 방면,"1","1","02:24"
836,샛강,"4401",신림선,노량진 방면,"1","1",샛강,"4116","9",노량진 방면,"1","1","02:24"
842,대방,"4402",신림선,샛강 방면,"3","1",대방,"1005","1",신길 방면,"7","3","02:24"
841,대방,"4402",신림선,샛강 방면,"3","1",대방,"1005","1",노량진 방면,"7","3","02:24"
840,대방,"4402",신림선,서울지방병무청 방면,"1","2",대방,"1005","1",신길 방면,"7","3","02:24"
839,대방,"4402","1",노량진 방면,"7","3",대방,"4402",신림선,샛강 방면,"1","2","02:24"
843,대방,"4402","1",신길 방면,"7","3",대방,"4402",신림선,서울지방병무청 방면,"1","2","02:24"
844,대방,"4402","1",노량진 방면,"6","4",대방,"4402",신림선,서울지방병무청 방면,"1","2","02:24"
845,대방,"4402","1",신길 방면,"7","3",대방,"4402",신림선,샛강 방면,"1","2","02:24"
846,대방,"4402",신림선,서울지방병무청 방면,"1","2",대방,"1005","1",노량진 방면,"7","3","02:24"
854,보라매,"4404",신림선,보라매공원 방면,"1","2",보라매,"2744","7",신대방삼거리 방면,"8","4","02:24"
853,보라매,"4404",신림선,보라매공원 방면,"1","2",보라매,"2744","7",신풍 방면,"8","4","02:24"
852,보라매,"4404","7",신풍 방면,"8","4",보라매,"4404",신림선,서울지방병무청 방면,"1","2","02:24"
849,보라매,"4404","7",신풍 방면,"8","4",보라매,"4404",신림선,보라매공원 방면,"1","2","02:24"
850,보라매,"4404",신림선,서울지방병무청 방면,"3","1",보라매,"2744","7",신대방삼거리 방면,"8","4","02:24"
851,보라매,"4404","7",신대방삼거리 방면,"1","1",보라매,"4404",신림선,서울지방병무청 방면,"1","2","02:24"
847,보라매,"4404",신림선,서울지방병무청 방면,"3","1",보라매,"2744","7",신풍 방면,"8","4","02:24"
848,보라매,"4404","7",신대방삼거리 방면,"1","1",보라매,"4404",신림선,보라매공원 방면,"1","2","02:24"
858,신림,"4408","2",봉천 방면,"5","3",신림,"4408",신림선,당곡 방면,"1","1","02:24"
857,신림,"4408",신림선,당곡 방면,"3","2",신림,"0230","2",봉천 방면,"5","3","02:24"
859,신림,"4408","2",신대방 방면,"6","2",신림,"4408",신림선,서원 방면,"1","1","02:24"
860,신림,"4408",신림선,당곡 방면,"3","2",신림,"0230","2",신대방 방면,"5","3","02:24"
855,신림,"4408","2",봉천 방면,"5","3",신림,"4408",신림선,서원 방면,"1","1","02:24"
862,신림,"4408",신림선,서원 방면,"1","1",신림,"0230","2",봉천 방면,"5","3","02:24"
861,신림,"4408","2",신대방 방면,"6","2",신림,"4408",신림선,당곡 방면,"1","1","02:24"
856,신림,"4408",신림선,서원 방면,"1","1",신림,"0230","2",신대방 방면,"5","3","02:24"
864,기흥,"4501",용인경전철,신갈 방면,모든 호차,모든 문,기흥,"1865",수인분당선,신갈 방면,"1","3","07:00"
863,기흥,"4501",용인경전철,상갈 방면,모든 호차,모든 문,기흥,"1865",수인분당선,상갈 방면,"1","3","07:00"
867,회룡,"4602",의정부경전철,범골 방면,"2","1",회룡,"1905","1",의정부 방면,"10","4","07:00"
866,회룡,"4602",의정부경전철,발곡 방면,"1","1",회룡,"1905","1",망월사 방면,"10","4","07:00"
865,회룡,"4602",의정부경전철,발곡 방면,"1","1",회룡,"1905","1",의정부 방면,"10","4","07:00"
868,회룡,"4602",의정부경전철,범골 방면,"2","1",회룡,"1905","1",망월사 방면,"10","4","07:00"
871,성신여대입구,"4711",우이신설경전철,정릉 방면,"1","2",성신여대입구,"0418","4",한성대입구 방면,"5","2","03:07"
869,성신여대입구,"4711",우이신설경전철,정릉 방면,"1","2",성신여대입구,"0418","4",길음 방면,"5","2","03:07"
870,성신여대입구,"4711",우이신설경전철,보문 방면,"2","2",성신여대입구,"0418","4",길음 방면,"5","2","03:07"
872,성신여대입구,"4711",우이신설경전철,보문 방면,"2","2",성신여대입구,"0418","4",한성대입구 방면,"5","2","03:07"
873,보문,"4712",우이신설경전철,성신여대입구 방면,"2","2",보문,"2639","6",안암 방면,"3","4","03:07"
874,보문,"4712",우이신설경전철,성신여대입구 방면,"2","2",보문,"2639","6",창신 방면,"3","4","03:07"
875,보문,"4712",우이신설경전철,신설동 방면,"1","1",보문,"2639","6",안암 방면,"3","4","03:07"
877,신설동,"4713",우이신설경전철,제기동 방면,"2","1",신설동,"0156","1",제기동 방면,"2","1","03:07"
876,신설동,"4713",우이신설경전철,용두 방면,"2","1",신설동,"0246","2",용두 방면,"1","1","03:07"
